id,first_name,last_name,email,gender,ip_address,phone_number
1,Klemens,Dunkley,kdunkley0@cbslocal.com,Male,79.190.63.89,+234-645-953-2675
2,Henrieta,Longthorne,hlongthorne1@go.com,Female,191.169.16.63,+48-368-284-5768
3,Maryjane,Dregan,mdregan2@yandex.ru,Female,124.7.141.1,+60-307-302-9102
4,Odessa,Marxsen,omarxsen3@printfriendly.com,Female,71.153.233.110,+381-105-424-7371
5,Aleen,Corben,acorben4@mediafire.com,Female,211.51.90.219,+7-374-247-1759
6,Elisha,Legg,elegg5@accuweather.com,Male,64.197.74.160,+963-233-379-6735
7,Berty,Jeacocke,bjeacocke6@senate.gov,Female,122.127.146.20,+57-403-767-4708
8,Wilie,Fabb,wfabb7@youtu.be,Female,195.228.16.50,+98-528-480-6908
9,Jermaine,Muzzollo,jmuzzollo8@mit.edu,Female,115.117.150.75,+52-365-635-7727
10,Maggy,Anning,manning9@prlog.org,Female,138.97.42.211,+39-618-292-0619
11,Aili,Butchard,abutcharda@craigslist.org,Female,41.41.137.17,+52-279-355-5867
12,Guillaume,Cremin,gcreminb@cdbaby.com,Male,85.166.37.15,+1-812-358-1522
13,Delmer,Longo,dlongoc@cargocollective.com,Male,203.198.206.99,+27-436-826-3299
14,Meridel,Crusham,mcrushamd@behance.net,Female,175.208.113.134,+352-903-897-0209
15,Tadeas,Erickson,tericksone@hostgator.com,Male,129.75.23.1,+351-547-712-0576
16,Reinaldos,Barrington,rbarringtonf@webnode.com,Male,179.43.219.41,+33-775-516-2862
17,Wilbert,Lindro,wlindrog@bandcamp.com,Male,48.163.95.112,+58-294-213-7065
18,Agnola,Durdy,adurdyh@blogtalkradio.com,Female,77.116.142.67,+1-248-558-0207
19,Guillermo,Inkpin,ginkpini@mac.com,Male,36.239.117.112,+86-242-657-6792
20,Conroy,Assel,casselj@youtu.be,Male,133.167.215.160,+52-773-108-4862
21,Jayson,Fellman,jfellmank@cbsnews.com,Male,249.20.92.86,+30-341-674-4662
22,Stacee,Gilmour,sgilmourl@yellowbook.com,Female,147.53.61.203,+86-316-456-4553
23,Carlee,Saffin,csaffinm@oakley.com,Female,112.177.249.75,+54-848-571-8430
24,Kathy,Dowse,kdowsen@wordpress.org,Female,184.250.45.107,+48-224-340-8182
25,Granthem,Schottli,gschottlio@flavors.me,Male,89.144.142.121,+62-906-295-7126
26,Haroun,Tokell,htokellp@reddit.com,Male,121.95.85.13,+62-451-663-3681
27,Elonore,Shayler,eshaylerq@lycos.com,Female,154.120.231.15,+351-232-297-7063
28,Augie,Mingaye,amingayer@spiegel.de,Male,14.156.151.8,+372-470-596-4186
29,Marwin,Winsbury,mwinsburys@mozilla.org,Male,237.42.176.221,+48-376-506-3247
30,Joe,Mc Queen,jmcqueent@yandex.ru,Male,51.44.36.203,+385-833-980-1836
31,Ryley,Casterou,rcasterouu@nymag.com,Male,74.92.195.31,+976-360-254-9340
32,Iago,McCaughren,imccaughrenv@wufoo.com,Male,190.117.222.34,+62-745-986-3967
33,Fernando,Wethers,fwethersw@hp.com,Male,65.100.202.163,+358-459-474-7994
34,Emmye,Owenson,eowensonx@aol.com,Female,99.172.21.130,+55-458-430-7384
35,Nyssa,Kumar,nkumary@mozilla.org,Female,216.133.143.235,+355-458-158-3792
36,Riordan,Riddington,rriddingtonz@java.com,Male,146.222.251.241,+374-131-917-5095
37,Winfield,Mixhel,wmixhel10@blogger.com,Male,204.245.107.190,+66-374-928-3964
38,Tadeas,Killingback,tkillingback11@usnews.com,Male,208.186.129.181,+1-828-456-3780
39,Kacie,Monksfield,kmonksfield12@360.cn,Female,63.98.10.210,+48-827-998-7972
40,Jenilee,Caldera,jcaldera13@ustream.tv,Female,136.28.207.160,+62-762-122-3396
41,Hastings,Maggiori,hmaggiori14@deliciousdays.com,Male,144.108.147.19,+30-687-939-2010
42,Barbara,Gerritzen,bgerritzen15@accuweather.com,Female,194.181.29.54,+60-264-882-8002
43,Kayley,Errey,kerrey16@cnbc.com,Female,134.12.11.32,+420-840-306-2344
44,Arvie,Torvey,atorvey17@ucoz.com,Male,235.246.207.112,+420-860-338-5574
45,Isaak,Frangello,ifrangello18@etsy.com,Male,4.236.214.15,+86-366-805-3644
46,Dode,Nangle,dnangle19@ed.gov,Female,208.104.13.179,+66-232-113-9761
47,Adore,Applewhite,aapplewhite1a@qq.com,Female,70.151.195.183,+48-494-304-2596
48,Sidnee,Bewshire,sbewshire1b@unblog.fr,Male,210.131.4.203,+33-356-615-3124
49,Aggi,Wiskar,awiskar1c@opera.com,Female,67.204.42.86,+86-151-818-8066
50,Karry,Reveley,kreveley1d@samsung.com,Female,95.157.14.134,+86-703-429-5549
51,Maxie,Klamman,mklamman1e@hhs.gov,Female,20.45.112.76,+33-975-650-7508
52,Alexandr,Cardoso,acardoso1f@naver.com,Male,199.112.175.229,+7-284-978-0288
53,Robenia,Gilman,rgilman1g@timesonline.co.uk,Female,151.50.113.21,+358-452-598-6329
54,Kendre,Costelloe,kcostelloe1h@usa.gov,Female,16.254.180.33,+86-308-540-2492
55,Cherry,Stute,cstute1i@desdev.cn,Female,98.254.94.85,+351-828-714-6456
56,Hermy,Lages,hlages1j@dell.com,Male,181.79.43.167,+63-413-445-9604
57,Mireielle,Dederick,mdederick1k@desdev.cn,Female,30.202.54.43,+420-377-386-0875
58,Jonathan,Wegenen,jwegenen1l@drupal.org,Male,0.188.216.225,+86-612-417-1231
59,Etta,Peachman,epeachman1m@de.vu,Female,101.164.90.103,+507-348-751-7331
60,Melisent,Winscomb,mwinscomb1n@accuweather.com,Female,177.89.246.80,+375-226-780-8085
61,Al,Huchot,ahuchot1o@angelfire.com,Male,94.76.40.254,+86-205-142-4392
62,Blakeley,Pinyon,bpinyon1p@hhs.gov,Female,9.86.102.229,+502-931-869-5425
63,Reiko,Tofanini,rtofanini1q@fda.gov,Female,26.230.3.226,+86-686-886-2198
64,Garvey,Bolsover,gbolsover1r@nature.com,Male,184.224.101.250,+994-970-823-9446
65,Isidoro,Scard,iscard1s@forbes.com,Male,208.253.196.7,+86-383-784-4043
66,Wynne,Sprague,wsprague1t@lulu.com,Female,51.71.171.97,+55-566-682-9889
67,Lisbeth,Meins,lmeins1u@bbb.org,Female,120.137.208.148,+960-101-492-1671
68,Maxim,Setch,msetch1v@smugmug.com,Male,93.87.176.140,+234-509-859-5210
69,Merrielle,Lampke,mlampke1w@yahoo.com,Female,109.10.249.60,+7-562-634-6162
70,Hazlett,Lawleff,hlawleff1x@scientificamerican.com,Male,98.189.76.145,+976-582-374-3304
71,Sabina,Clappson,sclappson1y@comcast.net,Female,89.187.244.65,+55-866-504-0025
72,Clare,Poulton,cpoulton1z@digg.com,Female,83.223.156.141,+352-840-625-5324
73,Melitta,Reburn,mreburn20@dailymail.co.uk,Female,41.129.45.44,+55-724-835-5223
74,Morrie,Postles,mpostles21@sakura.ne.jp,Male,140.251.125.167,+7-526-608-7964
75,Nelie,Ingrey,ningrey22@goodreads.com,Female,218.69.52.76,+86-587-893-1359
76,Bernita,Derrell,bderrell23@boston.com,Female,235.252.4.21,+46-653-743-1679
77,Jonis,Blackhall,jblackhall24@drupal.org,Female,30.234.175.43,+380-108-750-0858
78,Darcey,Fansy,dfansy25@cam.ac.uk,Female,23.233.231.136,+48-245-172-1248
79,Wenona,Bauld,wbauld26@noaa.gov,Female,221.9.222.167,+86-112-537-4646
80,Joel,Butfield,jbutfield27@umich.edu,Male,9.130.90.55,+86-215-728-7711
81,Dylan,Kilborn,dkilborn28@slate.com,Male,185.162.189.32,+48-190-535-4282
82,Mathilda,Bicksteth,mbicksteth29@about.me,Female,240.243.242.143,+57-169-803-5204
83,Uriah,Farherty,ufarherty2a@usnews.com,Male,227.25.216.67,+375-400-296-2629
84,Ade,Dixon,adixon2b@hostgator.com,Male,250.98.97.50,+33-490-577-6918
85,Jocelyn,Hessle,jhessle2c@economist.com,Female,231.9.139.160,+86-467-301-9460
86,Tracee,Dwine,tdwine2d@arizona.edu,Female,144.189.231.184,+55-429-272-9294
87,Richard,Newdick,rnewdick2e@bizjournals.com,Male,48.13.149.142,+357-212-981-0231
88,Hannie,Kemshell,hkemshell2f@mtv.com,Female,179.76.74.39,+51-913-390-4536
89,Mirabella,Woollin,mwoollin2g@behance.net,Female,52.24.53.110,+86-514-807-7430
90,Celina,Ayerst,cayerst2h@newyorker.com,Female,57.27.161.253,+86-596-660-9759
91,Gerrard,Goghin,ggoghin2i@mediafire.com,Male,102.235.48.200,+86-208-354-2290
92,Avigdor,Stilgoe,astilgoe2j@marketwatch.com,Male,133.154.118.199,+380-318-960-4383
93,Dori,Pietrasik,dpietrasik2k@bandcamp.com,Female,90.122.34.64,+55-501-872-1313
94,Troy,Riglesford,triglesford2l@mysql.com,Male,175.172.135.203,+82-544-599-2528
95,Ethelda,Roby,eroby2m@canalblog.com,Female,110.30.151.37,+86-539-696-4460
96,Clayton,Simao,csimao2n@amazon.co.uk,Male,8.36.53.54,+500-299-605-2595
97,Vita,Petersen,vpetersen2o@mtv.com,Female,118.16.134.197,+84-589-471-9734
98,Keenan,Hebard,khebard2p@pinterest.com,Male,235.77.177.150,+351-277-181-6279
99,Lorianne,Walenta,lwalenta2q@goo.gl,Female,164.118.123.198,+86-227-585-4696
100,Justis,Canellas,jcanellas2r@eepurl.com,Male,35.75.51.242,+54-770-947-3721
101,Gav,Bloodworth,gbloodworth2s@tiny.cc,Male,211.132.146.16,+7-484-594-4513
102,Willi,Corkell,wcorkell2t@studiopress.com,Male,244.244.92.71,+86-371-453-9225
103,Galvan,Cheverell,gcheverell2u@blogspot.com,Male,228.207.174.200,+20-469-761-0002
104,Othelia,Franz,ofranz2v@dagondesign.com,Female,87.101.230.154,+63-785-768-8875
105,Rodolph,Bulch,rbulch2w@arizona.edu,Male,54.37.253.45,+33-237-116-8770
106,Marty,Laurisch,mlaurisch2x@discuz.net,Male,169.220.81.126,+92-199-782-6335
107,Lorie,Clemetts,lclemetts2y@netlog.com,Female,38.50.201.126,+62-462-175-6332
108,Bevon,Piscopiello,bpiscopiello2z@facebook.com,Male,194.75.248.144,+234-892-635-9474
109,Palmer,Sterman,psterman30@ucsd.edu,Male,226.229.85.173,+995-354-413-7880
110,Riannon,Rittmeier,rrittmeier31@cnet.com,Female,33.85.126.67,+86-724-739-9534
111,Selle,Nerney,snerney32@mozilla.org,Female,16.66.238.8,+66-470-979-4814
112,Ellen,Larkings,elarkings33@t-online.de,Female,149.226.53.8,+86-756-114-1678
113,Blondie,Crab,bcrab34@wsj.com,Female,81.23.55.8,+48-885-626-5426
114,Marcel,Beavon,mbeavon35@webmd.com,Male,113.207.101.235,+48-947-357-5477
115,Dulci,Chown,dchown36@reference.com,Female,125.99.227.232,+351-846-418-1481
116,Hilda,Nowill,hnowill37@earthlink.net,Female,122.123.53.241,+30-846-278-2112
117,Griswold,Viney,gviney38@mayoclinic.com,Male,191.225.155.163,+63-228-236-9215
118,Justinian,Balharrie,jbalharrie39@fema.gov,Male,26.210.218.56,+234-538-215-7012
119,Edita,Mackerness,emackerness3a@miitbeian.gov.cn,Female,113.69.60.33,+49-784-685-6765
120,Skelly,Peskett,speskett3b@google.pl,Male,53.181.9.221,+234-623-585-9871
121,Christalle,Howsin,chowsin3c@mapquest.com,Female,29.208.123.151,+351-470-991-1851
122,Damon,Westfield,dwestfield3d@tripod.com,Male,120.55.143.243,+1-408-392-6346
123,Harp,Esmead,hesmead3e@simplemachines.org,Male,27.245.1.122,+381-149-723-3226
124,Kary,Grishinov,kgrishinov3f@trellian.com,Female,33.11.250.191,+7-510-755-4246
125,Danika,Swait,dswait3g@youku.com,Female,8.93.16.0,+242-195-773-4356
126,Helen,Antrum,hantrum3h@gnu.org,Female,151.34.139.27,+1-219-516-9471
127,Iain,Baddow,ibaddow3i@51.la,Male,43.241.27.98,+264-945-977-3362
128,Erroll,Berndsen,eberndsen3j@reverbnation.com,Male,164.179.89.237,+963-321-273-8822
129,Elbert,Muldoon,emuldoon3k@imgur.com,Male,19.136.216.139,+86-301-459-8648
130,Elnar,Breckwell,ebreckwell3l@narod.ru,Male,48.166.116.125,+57-935-944-1501
131,Cornie,Fidilis,cfidilis3m@chron.com,Male,208.189.121.115,+46-903-709-4886
132,Retha,Kiossel,rkiossel3n@bigcartel.com,Female,146.61.231.215,+372-462-842-1808
133,Artus,Herreros,aherreros3o@theatlantic.com,Male,106.232.248.205,+63-911-323-7768
134,Gawain,Ekkel,gekkel3p@bbb.org,Male,22.207.19.198,+54-116-292-9090
135,Sampson,Accombe,saccombe3q@wordpress.com,Male,80.174.23.146,+385-108-505-4845
136,Kimberly,Grevatt,kgrevatt3r@elegantthemes.com,Female,21.185.53.189,+7-544-386-9363
137,Clerc,Lanahan,clanahan3s@yellowbook.com,Male,181.154.77.17,+86-624-545-2577
138,Barbi,Boast,bboast3t@zdnet.com,Female,45.100.47.230,+62-461-722-8299
139,Sascha,Taffee,staffee3u@t-online.de,Female,53.48.19.238,+86-889-495-0287
140,Liz,McRonald,lmcronald3v@lycos.com,Female,213.219.14.255,+86-801-585-6228
141,Crista,Adolf,cadolf3w@indiatimes.com,Female,126.4.248.15,+976-429-741-6996
142,Lock,Gash,lgash3x@nsw.gov.au,Male,67.234.9.6,+81-537-601-6846
143,Kathe,Dunkinson,kdunkinson3y@digg.com,Female,234.171.157.232,+250-955-568-3301
144,Lodovico,Bastick,lbastick3z@telegraph.co.uk,Male,218.16.215.212,+86-985-344-5447
145,Geralda,Do,gdo40@ycombinator.com,Female,100.166.89.216,+1-305-101-3227
146,Elliott,Towsie,etowsie41@wikia.com,Male,107.163.78.165,+62-179-161-5398
147,Anet,Deshorts,adeshorts42@dot.gov,Female,148.245.149.87,+1-458-384-3791
148,Sammie,Francescuccio,sfrancescuccio43@washingtonpost.com,Male,150.98.164.84,+62-544-926-0936
149,Arleyne,Eddolls,aeddolls44@slashdot.org,Female,163.157.113.157,+7-299-600-5197
150,Laraine,Jansky,ljansky45@reuters.com,Female,184.179.60.189,+55-101-920-6571
151,Marne,Stealey,mstealey46@google.co.jp,Female,197.221.39.9,+55-970-842-2654
152,Angil,Dewis,adewis47@elpais.com,Female,103.106.177.44,+62-305-304-6151
153,Boycie,Murrie,bmurrie48@biglobe.ne.jp,Male,150.73.86.14,+86-937-389-3429
154,Mahmud,Gluyus,mgluyus49@discovery.com,Male,2.244.243.96,+257-759-583-4918
155,Garold,Seawright,gseawright4a@booking.com,Male,23.15.173.150,+30-117-540-4382
156,Glenine,Kinge,gkinge4b@goo.gl,Female,248.173.17.250,+374-189-171-5365
157,Gearalt,Gillaspy,ggillaspy4c@indiatimes.com,Male,119.88.49.50,+81-116-128-9829
158,Virginie,Howland,vhowland4d@paypal.com,Female,31.52.8.251,+20-548-297-6334
159,Amie,Callingham,acallingham4e@google.co.uk,Female,237.75.224.49,+86-399-421-9322
160,Levey,Rewbottom,lrewbottom4f@quantcast.com,Male,124.170.204.125,+86-463-754-4125
161,Alexia,Copes,acopes4g@ocn.ne.jp,Female,143.223.241.201,+353-457-120-1650
162,Vanny,Limeburner,vlimeburner4h@utexas.edu,Female,4.65.139.196,+351-537-145-5284
163,Marleen,Schneidau,mschneidau4i@drupal.org,Female,99.103.99.76,+385-408-939-5947
164,Denney,Joreau,djoreau4j@amazon.de,Male,64.48.50.156,+62-585-782-6215
165,Nicolis,Jeavons,njeavons4k@walmart.com,Male,225.21.227.154,+46-222-992-6885
166,Hetti,Canfer,hcanfer4l@trellian.com,Female,207.71.218.32,+46-866-386-1526
167,Caressa,Bannerman,cbannerman4m@ameblo.jp,Female,248.133.199.86,+60-655-798-6331
168,Hussein,La Wille,hlawille4n@theguardian.com,Male,207.217.203.44,+27-510-388-6662
169,Stesha,Huncoot,shuncoot4o@about.me,Female,231.50.7.255,+86-338-717-8610
170,Grannie,Parmby,gparmby4p@slideshare.net,Male,187.200.108.201,+509-105-131-5957
171,Morna,Armitage,marmitage4q@printfriendly.com,Female,80.183.103.77,+57-818-161-8192
172,Marysa,Hagyard,mhagyard4r@gravatar.com,Female,185.138.115.176,+86-827-116-3918
173,Bar,McCudden,bmccudden4s@youtube.com,Male,72.247.20.62,+351-967-414-6384
174,Latia,Topp,ltopp4t@moonfruit.com,Female,141.194.111.239,+1-213-356-4297
175,Gaylene,Partington,gpartington4u@vistaprint.com,Female,37.152.37.188,+45-374-557-9989
176,Correna,Jeanneau,cjeanneau4v@webnode.com,Female,115.234.234.5,+63-107-699-2750
177,Cherida,Westcott,cwestcott4w@bloomberg.com,Female,206.128.238.132,+66-305-248-8947
178,Hazlett,Lardner,hlardner4x@hc360.com,Male,235.148.62.248,+359-184-354-8025
179,Ruddy,Arens,rarens4y@ted.com,Male,67.128.70.148,+355-289-860-1244
180,Kenton,Fluck,kfluck4z@amazon.de,Male,94.158.74.66,+7-798-326-7924
181,Ardella,Danelutti,adanelutti50@imgur.com,Female,119.230.222.239,+63-161-632-2053
182,Lurlene,Truggian,ltruggian51@livejournal.com,Female,164.145.38.49,+970-317-606-5892
183,Eldin,Gehricke,egehricke52@skype.com,Male,197.198.66.185,+62-190-814-4430
184,Bennie,St Pierre,bstpierre53@guardian.co.uk,Female,131.19.70.102,+92-449-906-3858
185,Carena,Tebbitt,ctebbitt54@photobucket.com,Female,110.100.3.108,+7-327-454-7734
186,Jeanie,Romme,jromme55@dmoz.org,Female,139.213.206.51,+964-357-566-9032
187,Garvy,Sinnett,gsinnett56@bbc.co.uk,Male,161.44.170.172,+86-393-523-0002
188,Roddie,Frick,rfrick57@toplist.cz,Male,38.178.120.81,+86-188-586-9465
189,Pippo,Copin,pcopin58@microsoft.com,Male,150.85.168.174,+963-521-681-7753
190,Ethel,Tevlin,etevlin59@abc.net.au,Female,4.241.62.118,+20-262-236-9460
191,Trevor,Fitzsymons,tfitzsymons5a@skyrock.com,Male,190.130.84.217,+255-978-286-3425
192,Kath,Talby,ktalby5b@blog.com,Female,113.101.11.223,+351-106-476-5763
193,Hamid,Schoales,hschoales5c@auda.org.au,Male,73.244.227.3,+358-571-686-7035
194,Lothario,Oguz,loguz5d@github.io,Male,103.57.70.71,+7-962-337-9416
195,Rollo,MacGuffog,rmacguffog5e@hud.gov,Male,144.159.47.164,+33-714-921-6427
196,Thorny,Pyser,tpyser5f@chicagotribune.com,Male,253.67.202.71,+86-588-828-6084
197,Allys,Jestico,ajestico5g@umich.edu,Female,220.142.91.49,+84-834-248-9481
198,Wilbur,Ambrogini,wambrogini5h@purevolume.com,Male,152.135.122.81,+62-387-730-8082
199,Dorian,Thripp,dthripp5i@phoca.cz,Male,104.72.203.215,+595-174-591-3127
200,El,Dahlgren,edahlgren5j@forbes.com,Male,120.20.42.81,+62-271-329-3062
201,Georgie,Kitchinham,gkitchinham5k@buzzfeed.com,Female,112.6.17.3,+60-341-633-0260
202,Oriana,Gleeton,ogleeton5l@usgs.gov,Female,52.14.139.0,+47-878-631-1035
203,Drake,Tincknell,dtincknell5m@de.vu,Male,59.149.220.142,+212-758-245-3849
204,Henrieta,Lomis,hlomis5n@goo.gl,Female,82.98.181.237,+46-364-442-8526
205,Taddeusz,Walak,twalak5o@abc.net.au,Male,189.39.181.50,+62-949-119-2610
206,Victor,Neasam,vneasam5p@plala.or.jp,Male,81.177.190.248,+351-475-914-4665
207,Dedie,Davidi,ddavidi5q@sourceforge.net,Female,171.67.251.215,+351-258-355-5852
208,Karine,Dudgeon,kdudgeon5r@elpais.com,Female,126.204.166.168,+46-820-292-2795
209,Jedd,Doram,jdoram5s@jalbum.net,Male,42.187.226.51,+880-632-990-0743
210,Daryle,Scollan,dscollan5t@unicef.org,Male,144.219.46.59,+972-142-441-3704
211,Marv,Byway,mbyway5u@vkontakte.ru,Male,22.228.214.16,+7-777-651-9766
212,Mannie,McCrea,mmccrea5v@prnewswire.com,Male,22.6.124.218,+86-525-346-1089
213,Erik,Whiscard,ewhiscard5w@paginegialle.it,Male,115.81.189.135,+374-372-386-4998
214,Jonie,Joinsey,jjoinsey5x@parallels.com,Female,205.132.65.205,+86-246-352-2401
215,Babb,Hablet,bhablet5y@last.fm,Female,248.76.148.28,+995-673-985-0440
216,Lewiss,Sautter,lsautter5z@youtube.com,Male,37.39.1.231,+62-587-326-6365
217,Renelle,Mathen,rmathen60@cbsnews.com,Female,93.173.72.131,+62-549-777-3089
218,Letta,Geratasch,lgeratasch61@fastcompany.com,Female,2.145.119.176,+7-325-505-9352
219,Waiter,Dunrige,wdunrige62@jiathis.com,Male,198.33.58.194,+7-202-609-1484
220,Delila,Janssens,djanssens63@squidoo.com,Female,19.235.16.134,+46-476-122-1959
221,Alanah,Condit,acondit64@theglobeandmail.com,Female,178.81.7.133,+967-229-310-0078
222,Bogey,Wingham,bwingham65@patch.com,Male,241.220.174.161,+63-650-984-9324
223,Free,Salzberg,fsalzberg66@chicagotribune.com,Male,34.38.149.137,+380-776-919-8518
224,Iain,Coopman,icoopman67@tiny.cc,Male,182.205.244.57,+62-199-935-0601
225,Aubrette,Boosey,aboosey68@google.cn,Female,52.179.41.39,+351-430-455-8522
226,Carolus,Likly,clikly69@chicagotribune.com,Male,17.146.56.211,+86-380-828-0668
227,Winnie,Fortescue,wfortescue6a@51.la,Female,67.57.151.250,+353-696-342-8129
228,Quintin,Fetherstone,qfetherstone6b@admin.ch,Male,246.81.134.121,+7-264-728-3489
229,Georgi,Gymblett,ggymblett6c@yandex.ru,Male,199.132.31.102,+86-246-460-2838
230,Andrus,Squelch,asquelch6d@1688.com,Male,222.148.71.138,+86-430-237-2022
231,Devonne,Krimmer,dkrimmer6e@wsj.com,Female,241.179.191.172,+30-841-630-1473
232,Toni,Garrod,tgarrod6f@istockphoto.com,Female,74.96.248.76,+52-626-532-1464
233,Allix,Paynter,apaynter6g@privacy.gov.au,Female,137.150.229.3,+60-917-583-9038
234,Georgy,Ropartz,gropartz6h@accuweather.com,Male,184.197.93.139,+251-974-367-0801
235,Bonnibelle,Noddles,bnoddles6i@yellowbook.com,Female,101.77.183.167,+86-426-643-6126
236,Galvan,Owthwaite,gowthwaite6j@thetimes.co.uk,Male,224.241.89.218,+86-998-400-2594
237,Homerus,Tarver,htarver6k@nifty.com,Male,116.114.246.177,+62-926-963-3087
238,Culver,Carloni,ccarloni6l@nih.gov,Male,51.178.127.238,+62-141-929-8525
239,Roddie,Tutchings,rtutchings6m@answers.com,Male,249.75.191.197,+86-371-652-0037
240,Feliks,Latchford,flatchford6n@guardian.co.uk,Male,208.25.219.138,+33-143-535-5129
241,Gwendolen,Bembridge,gbembridge6o@multiply.com,Female,209.62.180.187,+62-697-998-5831
242,Pavel,Wasielewicz,pwasielewicz6p@army.mil,Male,82.152.213.12,+62-945-988-1986
243,Northrop,Broadley,nbroadley6q@amazon.de,Male,48.252.31.19,+374-690-888-8209
244,Emmy,Artois,eartois6r@shareasale.com,Female,24.179.150.124,+967-388-644-5986
245,Fairlie,Titterton,ftitterton6s@latimes.com,Male,146.139.59.206,+86-555-896-8669
246,Amelita,Moehler,amoehler6t@dailymotion.com,Female,135.3.218.169,+46-945-271-6756
247,Koenraad,Vickress,kvickress6u@myspace.com,Male,148.182.240.198,+30-465-906-1360
248,Hakeem,Goodby,hgoodby6v@mlb.com,Male,74.27.67.108,+54-622-524-4928
249,Mariquilla,Kunneke,mkunneke6w@ucoz.com,Female,195.212.114.62,+62-348-307-6925
250,Dulcia,Stubbert,dstubbert6x@friendfeed.com,Female,213.88.193.214,+86-483-205-6676
251,Ab,Barrat,abarrat6y@noaa.gov,Male,185.47.166.66,+244-621-790-0083
252,Berke,Karpushkin,bkarpushkin6z@weather.com,Male,7.111.197.186,+62-531-245-7269
253,Patty,Annandale,pannandale70@google.co.uk,Male,184.42.101.151,+994-746-838-9208
254,Michelina,McRobert,mmcrobert71@shutterfly.com,Female,16.241.99.103,+964-145-705-4716
255,Kenny,Antonognoli,kantonognoli72@wix.com,Male,218.180.71.227,+52-370-598-8288
256,Darline,Battlestone,dbattlestone73@sogou.com,Female,87.239.87.228,+86-519-284-8547
257,Christina,MacGilpatrick,cmacgilpatrick74@linkedin.com,Female,19.127.56.179,+55-647-135-0418
258,Karol,Garfit,kgarfit75@hc360.com,Female,185.145.6.254,+251-493-460-1595
259,Martha,Allan,mallan76@barnesandnoble.com,Female,10.185.158.232,+86-301-110-7526
260,Agna,Hills,ahills77@4shared.com,Female,143.227.162.103,+48-223-914-7861
261,Guntar,Shepeard,gshepeard78@cnet.com,Male,144.69.187.37,+7-842-570-4831
262,Jessamyn,Armin,jarmin79@howstuffworks.com,Female,235.225.3.186,+48-757-997-8434
263,Jana,Thibodeaux,jthibodeaux7a@theguardian.com,Female,30.201.124.176,+84-942-799-6557
264,Gabi,Huebner,ghuebner7b@hubpages.com,Male,92.249.89.239,+967-609-133-5988
265,Fredi,Gulberg,fgulberg7c@google.com.br,Female,2.148.194.109,+691-492-706-7794
266,Zed,Burnsides,zburnsides7d@ftc.gov,Male,43.59.9.48,+86-319-934-1961
267,Orville,Chatell,ochatell7e@nih.gov,Male,248.129.148.114,+86-827-254-8697
268,Geordie,Anthoney,ganthoney7f@nyu.edu,Male,44.115.8.170,+505-818-275-9482
269,Bryant,Artus,bartus7g@redcross.org,Male,227.30.152.3,+1-818-714-3058
270,Barbey,Pocklington,bpocklington7h@blogs.com,Female,124.248.94.88,+1-419-628-4913
271,Garrek,McGiffin,gmcgiffin7i@flavors.me,Male,33.47.147.123,+48-196-435-8772
272,Blancha,Grayne,bgrayne7j@about.me,Female,209.74.151.102,+351-534-432-4933
273,Lorettalorna,Toy,ltoy7k@networkadvertising.org,Female,35.8.31.234,+420-126-592-1535
274,Mikaela,Priestley,mpriestley7l@oracle.com,Female,229.254.236.177,+7-458-846-6339
275,Reta,Wooller,rwooller7m@dedecms.com,Female,148.152.111.124,+63-681-477-4360
276,Wrennie,Van der Kruijs,wvanderkruijs7n@cornell.edu,Female,100.167.84.179,+95-119-218-2796
277,Puff,Voisey,pvoisey7o@51.la,Male,245.130.207.82,+86-632-764-8295
278,Wenona,Llewellyn,wllewellyn7p@github.com,Female,89.236.2.115,+63-579-259-6529
279,Tedman,Northill,tnorthill7q@bluehost.com,Male,95.201.127.56,+1-557-713-8886
280,Chere,Lyptrade,clyptrade7r@mapy.cz,Female,53.13.47.169,+1-713-877-0162
281,Ursola,McBeath,umcbeath7s@plala.or.jp,Female,10.183.92.230,+380-175-134-3939
282,Amandie,Binstead,abinstead7t@blinklist.com,Female,90.77.202.135,+371-708-556-9119
283,Gleda,Covert,gcovert7u@nationalgeographic.com,Female,77.255.10.127,+351-398-625-2787
284,Alvan,Swarbrigg,aswarbrigg7v@github.com,Male,245.214.163.206,+54-494-781-1505
285,Angelique,Searl,asearl7w@cornell.edu,Female,222.89.26.29,+965-163-843-2661
286,Janet,Sowte,jsowte7x@china.com.cn,Female,68.194.236.142,+20-733-384-4555
287,Edgardo,Itzkovwitch,eitzkovwitch7y@devhub.com,Male,41.98.52.130,+86-987-301-6355
288,Kaja,Lednor,klednor7z@un.org,Female,89.143.109.174,+86-109-363-5360
289,Joly,Querrard,jquerrard80@jimdo.com,Female,4.104.152.95,+81-345-146-9586
290,Giff,Kopje,gkopje81@freewebs.com,Male,97.172.1.25,+351-132-155-7066
291,Hubert,Delagua,hdelagua82@google.it,Male,78.72.93.133,+86-424-690-7708
292,Lemmie,Ghirigori,lghirigori83@umich.edu,Male,131.248.134.60,+62-124-922-8388
293,Mozes,Taysbil,mtaysbil84@utexas.edu,Male,218.101.30.219,+48-738-148-9827
294,Peadar,McArthur,pmcarthur85@unc.edu,Male,183.110.135.7,+7-771-897-0940
295,Wilmer,Spellacey,wspellacey86@altervista.org,Male,129.4.173.39,+420-467-552-7137
296,Ogdan,O'Dee,oodee87@phoca.cz,Male,119.243.82.178,+506-982-437-2410
297,Wittie,McNea,wmcnea88@joomla.org,Male,137.35.87.78,+86-362-359-7932
298,Waring,Leades,wleades89@ibm.com,Male,23.11.79.109,+52-455-517-0590
299,Abey,Drinkhill,adrinkhill8a@xing.com,Male,221.183.155.138,+82-148-932-6029
300,Daron,Peacock,dpeacock8b@dailymotion.com,Male,230.218.64.93,+389-228-640-0767
301,Rollo,Lithgow,rlithgow8c@marketwatch.com,Male,64.86.186.124,+82-984-391-6468
302,Letta,Suffield,lsuffield8d@sohu.com,Female,248.223.49.114,+962-170-691-0930
303,Dom,Kennet,dkennet8e@earthlink.net,Male,8.18.198.54,+49-449-338-8852
304,Fiona,Puttergill,fputtergill8f@parallels.com,Female,189.141.51.95,+7-573-804-3232
305,Nana,Farmiloe,nfarmiloe8g@fc2.com,Female,56.244.242.143,+380-332-415-9819
306,Etti,Sloam,esloam8h@sina.com.cn,Female,36.105.237.206,+57-413-708-5224
307,Shawna,Sollom,ssollom8i@dailymail.co.uk,Female,193.232.38.69,+86-526-317-2956
308,Tybie,O' Quirk,toquirk8j@cornell.edu,Female,19.138.114.61,+92-679-532-1462
309,Graham,Fawlo,gfawlo8k@usa.gov,Male,114.110.221.128,+56-521-338-4075
310,Benedicta,Pauler,bpauler8l@desdev.cn,Female,206.183.2.8,+351-164-840-6009
311,Therese,Wray,twray8m@weebly.com,Female,26.237.247.92,+7-557-963-7292
312,Casey,Olin,colin8n@microsoft.com,Male,84.229.167.63,+52-448-792-2023
313,Nady,Lattie,nlattie8o@arizona.edu,Female,172.208.205.16,+244-841-150-3271
314,Sanford,Tuckett,stuckett8p@cbsnews.com,Male,187.83.183.30,+1-338-281-6766
315,Abigale,Buttfield,abuttfield8q@friendfeed.com,Female,6.177.121.67,+963-338-942-0812
316,Tomas,Cancellieri,tcancellieri8r@ehow.com,Male,112.92.39.42,+62-668-655-4733
317,Alvina,Devil,adevil8s@thetimes.co.uk,Female,119.10.138.111,+55-424-693-4370
318,Garfield,Nouch,gnouch8t@google.de,Male,1.205.24.190,+86-370-875-0887
319,Norina,Kimmons,nkimmons8u@cdc.gov,Female,107.118.248.193,+62-357-714-4849
320,Kyle,Beldham,kbeldham8v@a8.net,Male,46.9.231.4,+44-191-141-9221
321,Sophronia,Padberry,spadberry8w@newyorker.com,Female,70.11.250.251,+33-287-378-8604
322,Horten,Sawforde,hsawforde8x@wunderground.com,Male,140.50.77.236,+86-368-776-2989
323,Iago,Cattrell,icattrell8y@instagram.com,Male,74.77.170.194,+52-695-402-9970
324,Rafe,Lotte,rlotte8z@woothemes.com,Male,250.113.36.198,+63-957-240-1132
325,Wildon,Murrigans,wmurrigans90@answers.com,Male,255.52.41.192,+51-601-508-4931
326,Hedvig,Monshall,hmonshall91@facebook.com,Female,28.11.204.183,+55-643-714-1655
327,Paolo,Thomas,pthomas92@devhub.com,Male,209.178.106.53,+62-570-961-2486
328,Jinny,Haldene,jhaldene93@linkedin.com,Female,128.48.31.79,+86-134-697-7713
329,Rollo,Hickisson,rhickisson94@xrea.com,Male,92.218.87.58,+63-177-841-2383
330,Edeline,Hellard,ehellard95@stanford.edu,Female,59.97.125.41,+7-259-570-1838
331,Viv,Scough,vscough96@abc.net.au,Female,158.183.75.239,+33-753-595-5624
332,Bjorn,Worman,bworman97@mac.com,Male,98.208.109.133,+86-387-571-2675
333,Verla,Weinberg,vweinberg98@blogs.com,Female,174.48.175.187,+66-712-172-2951
334,Wallas,Morales,wmorales99@cocolog-nifty.com,Male,187.106.29.169,+98-260-108-4580
335,Brewer,Fiddeman,bfiddeman9a@addtoany.com,Male,54.36.186.38,+66-754-792-8974
336,Dion,Partener,dpartener9b@4shared.com,Female,245.250.185.116,+86-280-857-1999
337,Noel,Bartrop,nbartrop9c@dot.gov,Male,176.182.196.74,+48-745-609-7177
338,Christalle,Soloway,csoloway9d@yellowbook.com,Female,107.157.209.179,+55-815-915-6161
339,Noll,Carnow,ncarnow9e@wix.com,Male,255.226.8.7,+374-307-318-5975
340,Ferdie,Jancic,fjancic9f@ted.com,Male,39.31.244.70,+380-553-958-9588
341,Sunny,Semmence,ssemmence9g@eventbrite.com,Female,73.69.195.11,+30-247-390-2718
342,Leelah,Sargerson,lsargerson9h@goo.ne.jp,Female,146.11.147.193,+86-175-298-8400
343,Tiphanie,Enefer,tenefer9i@reddit.com,Female,86.153.42.23,+86-540-818-4935
344,Mead,Itzkowicz,mitzkowicz9j@dot.gov,Male,9.183.80.72,+62-820-872-1734
345,Fay,Baseggio,fbaseggio9k@kickstarter.com,Female,137.151.89.152,+48-226-426-8580
346,Cooper,Carss,ccarss9l@hp.com,Male,137.70.171.138,+380-818-283-2209
347,Dorey,Knappe,dknappe9m@businessinsider.com,Male,139.88.237.226,+212-227-863-1485
348,Nicola,Heddy,nheddy9n@ameblo.jp,Male,140.222.249.78,+52-958-326-5721
349,Verge,Antoniazzi,vantoniazzi9o@github.com,Male,67.149.46.219,+63-421-684-2958
350,Karlie,Scogings,kscogings9p@sbwire.com,Female,22.153.117.208,+7-894-531-6798
351,Ashil,Crippin,acrippin9q@cnn.com,Female,105.90.90.141,+352-176-623-2446
352,Charlot,Betancourt,cbetancourt9r@shinystat.com,Female,29.165.46.178,+52-608-796-3227
353,Kenna,Nisius,knisius9s@squarespace.com,Female,188.62.129.197,+55-838-615-1428
354,Federico,Strapp,fstrapp9t@free.fr,Male,0.241.243.115,+62-418-579-6748
355,Alfy,Van der Kruijs,avanderkruijs9u@disqus.com,Male,203.190.117.192,+373-961-883-8728
356,Jasun,Raistrick,jraistrick9v@quantcast.com,Male,83.230.49.21,+86-831-403-2882
357,Kain,Albrooke,kalbrooke9w@eventbrite.com,Male,42.210.78.101,+63-727-916-5932
358,Phebe,Doughartie,pdoughartie9x@paypal.com,Female,64.34.9.179,+51-238-881-5715
359,Cory,Kyndred,ckyndred9y@cmu.edu,Female,66.1.245.13,+62-285-110-6415
360,Barbara,Laughnan,blaughnan9z@mysql.com,Female,230.193.101.38,+62-585-951-4848
361,Krystle,Maggi,kmaggia0@newsvine.com,Female,203.88.203.28,+86-283-239-5763
362,Davide,Philpott,dphilpotta1@virginia.edu,Male,9.213.243.76,+86-155-316-2884
363,Lissa,Curteis,lcurteisa2@privacy.gov.au,Female,156.45.237.66,+48-539-435-8608
364,Kirsten,McKinty,kmckintya3@amazon.co.uk,Female,146.137.3.220,+86-190-553-0257
365,Derby,Gonnet,dgonneta4@bravesites.com,Male,53.1.181.164,+7-681-475-8807
366,Evangeline,Marushak,emarushaka5@google.ca,Female,201.231.84.23,+33-686-108-0530
367,Corrianne,Vasovic,cvasovica6@hud.gov,Female,9.5.129.252,+51-431-107-6991
368,Geneva,Grigorio,ggrigorioa7@tinyurl.com,Female,176.105.158.77,+86-728-158-0375
369,Heath,Meran,hmerana8@devhub.com,Female,107.21.185.91,+51-887-373-0206
370,Bren,Shwenn,bshwenna9@cafepress.com,Female,222.98.129.189,+1-212-195-0226
371,Harper,Rummins,hrumminsaa@etsy.com,Male,168.84.133.230,+234-943-309-0602
372,Rose,Burriss,rburrissab@a8.net,Female,29.34.64.252,+57-662-580-8874
373,Licha,Beilby,lbeilbyac@mlb.com,Female,91.51.190.234,+62-746-868-8869
374,Homerus,Goggin,hgogginad@goo.ne.jp,Male,204.143.17.209,+358-988-676-1011
375,Samuele,Pigeon,spigeonae@bbb.org,Male,183.115.224.58,+36-666-621-2301
376,Harlin,Bent,hbentaf@globo.com,Male,20.217.128.141,+591-342-169-4256
377,Kaspar,Ayliff,kayliffag@multiply.com,Male,110.227.0.12,+81-400-835-3896
378,Diannne,Windley,dwindleyah@sogou.com,Female,92.208.103.218,+33-274-926-2835
379,Walt,Balch,wbalchai@hubpages.com,Male,213.175.218.213,+62-944-690-2525
380,Tades,Cameron,tcameronaj@telegraph.co.uk,Male,150.210.152.51,+62-274-282-3432
381,Sheilakathryn,Dedden,sdeddenak@xing.com,Female,65.20.72.157,+62-149-295-0437
382,Yolane,Gingle,ygingleal@wikispaces.com,Female,110.54.121.178,+7-287-807-1981
383,Rosalinde,Crighten,rcrightenam@google.ru,Female,251.34.15.2,+48-668-918-4303
384,Amalita,Otley,aotleyan@clickbank.net,Female,176.66.110.196,+1-281-234-0770
385,Angelico,Boards,aboardsao@census.gov,Male,152.63.125.182,+86-461-734-6088
386,Philis,Jahncke,pjahnckeap@fastcompany.com,Female,144.155.250.38,+86-238-200-8195
387,Livy,Foottit,lfoottitaq@fastcompany.com,Female,59.242.111.52,+252-360-796-3581
388,Reagen,Clipsham,rclipshamar@theatlantic.com,Male,18.8.155.138,+351-484-597-5507
389,Alfred,Van Castele,avancasteleas@newsvine.com,Male,136.161.44.195,+62-939-750-5252
390,Danny,Wesley,dwesleyat@uol.com.br,Male,40.254.244.240,+62-576-192-5193
391,Ertha,Genge,egengeau@pcworld.com,Female,35.89.106.66,+62-928-816-2567
392,Joane,Shelp,jshelpav@cisco.com,Female,113.254.217.165,+1-328-210-8420
393,Sukey,Grocutt,sgrocuttaw@europa.eu,Female,254.93.198.53,+237-197-994-8024
394,Sibyl,Hatfield,shatfieldax@wordpress.org,Male,103.53.84.202,+52-372-110-2397
395,Floria,Ceschini,fceschiniay@yellowpages.com,Female,46.180.6.192,+994-943-500-6021
396,Adamo,Gartenfeld,agartenfeldaz@howstuffworks.com,Male,184.147.41.123,+62-590-930-1915
397,Garv,Sweett,gsweettb0@mail.ru,Male,3.187.190.168,+234-287-299-6324
398,Erhard,Ashness,eashnessb1@google.com.hk,Male,105.215.144.125,+86-830-411-0960
399,Millard,Hedworth,mhedworthb2@prnewswire.com,Male,244.255.148.244,+66-684-736-9930
400,Florina,Pretty,fprettyb3@etsy.com,Female,160.160.224.94,+54-937-914-1182
401,Derrik,Walburn,dwalburnb4@multiply.com,Male,252.116.124.58,+33-333-256-9049
402,Humfried,Buttler,hbuttlerb5@cbsnews.com,Male,64.102.236.65,+30-453-105-1199
403,Elijah,Peirce,epeirceb6@opensource.org,Male,29.62.48.73,+55-611-240-1413
404,Heriberto,Ayer,hayerb7@bigcartel.com,Male,76.86.14.108,+63-494-889-4349
405,Gardner,Lapsley,glapsleyb8@boston.com,Male,176.140.122.249,+86-619-111-6909
406,Fitz,McKleod,fmckleodb9@cnbc.com,Male,28.8.111.86,+380-659-735-7048
407,Eb,Elington,eelingtonba@goodreads.com,Male,227.213.213.35,+63-590-873-1416
408,Charmian,Bursnell,cbursnellbb@histats.com,Female,129.232.182.244,+86-798-291-0929
409,Irv,Presho,ipreshobc@myspace.com,Male,3.44.186.151,+420-691-658-5489
410,Alexio,Skillitt,askillittbd@unesco.org,Male,69.138.33.20,+353-133-131-9157
411,Albina,Habard,ahabardbe@printfriendly.com,Female,130.115.166.240,+62-378-467-0868
412,Maddie,Saker,msakerbf@cmu.edu,Male,70.179.141.159,+255-508-830-8610
413,Loren,Lacey,llaceybg@nydailynews.com,Male,127.78.31.40,+54-372-496-9291
414,Dionis,O'Duane,doduanebh@patch.com,Female,185.186.90.162,+81-144-526-4016
415,Had,MacColl,hmaccollbi@multiply.com,Male,73.94.223.90,+1-277-792-8611
416,Delmore,McGraffin,dmcgraffinbj@ed.gov,Male,172.174.173.255,+47-271-610-0527
417,Myranda,McCallam,mmccallambk@unblog.fr,Female,186.148.154.105,+502-601-473-9650
418,Herrick,Bottrill,hbottrillbl@webmd.com,Male,188.96.33.44,+62-337-544-2305
419,Edith,McInility,emcinilitybm@gov.uk,Female,107.12.217.0,+30-993-750-2690
420,Lois,Newlin,lnewlinbn@behance.net,Female,69.203.3.213,+86-831-441-2978
421,Felipe,Francescozzi,ffrancescozzibo@mit.edu,Male,63.23.169.29,+599-867-517-0505
422,Hayward,Ferryn,hferrynbp@usatoday.com,Male,104.155.241.191,+51-671-738-2111
423,Caleb,Gallienne,cgalliennebq@eepurl.com,Male,156.223.156.117,+54-499-955-0092
424,Phaedra,Mackrill,pmackrillbr@oracle.com,Female,99.220.187.92,+86-567-425-2294
425,Katerina,MacKintosh,kmackintoshbs@house.gov,Female,34.52.232.176,+1-532-511-9419
426,Howie,Olivia,holiviabt@jalbum.net,Male,17.252.230.201,+591-209-312-5356
427,Hamel,Pinsent,hpinsentbu@xing.com,Male,171.200.4.40,+62-772-180-5137
428,Mehetabel,Fanning,mfanningbv@scribd.com,Female,247.134.92.24,+64-633-939-1148
429,Dannie,Bell,dbellbw@oakley.com,Male,98.245.243.58,+52-979-340-0358
430,Hadlee,Aysh,hayshbx@nymag.com,Male,92.188.80.30,+976-976-399-0301
431,Tiffanie,Hedde,theddeby@samsung.com,Female,109.199.232.42,+1-498-519-5765
432,Maura,Kilgrew,mkilgrewbz@sakura.ne.jp,Female,132.234.118.48,+62-178-682-5903
433,Shurwood,Durker,sdurkerc0@php.net,Male,107.110.97.202,+62-441-911-8666
434,Rebecka,Vernay,rvernayc1@ocn.ne.jp,Female,89.148.232.159,+47-720-194-8919
435,Cosetta,Crowden,ccrowdenc2@tripadvisor.com,Female,56.16.245.144,+41-220-991-8565
436,Grover,Rosita,grositac3@purevolume.com,Male,147.55.192.15,+31-330-275-2412
437,Catie,MacKeeg,cmackeegc4@sina.com.cn,Female,88.186.75.103,+86-874-595-7222
438,Sherwin,Geist,sgeistc5@chronoengine.com,Male,85.17.42.226,+670-528-717-6424
439,Herby,Lathy,hlathyc6@sbwire.com,Male,135.248.70.150,+52-584-748-7261
440,Trevar,Gibke,tgibkec7@paginegialle.it,Male,220.110.133.16,+62-810-781-5209
441,Monti,Ciciotti,mciciottic8@multiply.com,Male,40.41.152.7,+51-480-820-7963
442,Oliy,Wilcher,owilcherc9@friendfeed.com,Female,187.237.180.73,+351-734-575-1278
443,Manon,Mennell,mmennellca@usa.gov,Female,65.6.246.64,+386-635-274-1698
444,Lance,Gapper,lgappercb@devhub.com,Male,40.76.144.230,+81-528-516-2059
445,Laurice,Witard,lwitardcc@answers.com,Female,88.44.136.197,+385-378-480-3284
446,Dolley,Orgen,dorgencd@trellian.com,Female,8.43.136.199,+385-335-514-6169
447,Roseline,Hacksby,rhacksbyce@yellowpages.com,Female,4.62.68.45,+33-685-829-4874
448,Blair,Sprott,bsprottcf@amazon.co.jp,Male,62.7.169.11,+86-305-976-9146
449,Griffy,Brewerton,gbrewertoncg@upenn.edu,Male,203.163.170.166,+221-319-145-4447
450,Gilberte,Hickisson,ghickissonch@techcrunch.com,Female,71.250.88.246,+351-204-503-1869
451,Dotty,Kleuer,dkleuerci@flickr.com,Female,64.15.70.160,+961-445-947-6448
452,Bradney,Hodgin,bhodgincj@bigcartel.com,Male,69.152.81.176,+1-410-176-1027
453,Berget,Parfrey,bparfreyck@archive.org,Female,144.81.105.221,+66-670-471-2328
454,Verine,Natalie,vnataliecl@artisteer.com,Female,197.167.184.160,+261-309-240-9402
455,Janey,Alberti,jalberticm@dion.ne.jp,Female,111.39.105.57,+223-894-801-6017
456,Esmaria,Atcock,eatcockcn@lycos.com,Female,243.22.184.76,+86-493-768-8744
457,Chad,Timmes,ctimmesco@posterous.com,Male,25.79.129.128,+46-346-971-4760
458,Marvin,Emmet,memmetcp@reuters.com,Male,219.159.244.220,+86-409-771-6283
459,Querida,Bixley,qbixleycq@sciencedaily.com,Female,146.114.228.70,+86-921-842-5740
460,Gibb,Woodcock,gwoodcockcr@yahoo.co.jp,Male,31.186.107.101,+82-876-562-7638
461,Mitzi,Pudding,mpuddingcs@joomla.org,Female,190.251.37.38,+1-213-948-9011
462,Obadias,Gallahar,ogallaharct@squidoo.com,Male,9.129.200.192,+353-910-227-7737
463,Jordan,Mabbs,jmabbscu@businesswire.com,Female,51.207.163.11,+86-994-881-0869
464,Becca,Pettecrew,bpettecrewcv@prnewswire.com,Female,37.126.190.143,+256-102-931-0035
465,Sonya,Fisbey,sfisbeycw@about.me,Female,43.68.59.73,+48-346-493-8336
466,Rosalinda,Vigietti,rvigietticx@lulu.com,Female,254.160.176.5,+86-118-554-8930
467,Uriel,Scouller,uscoullercy@npr.org,Male,154.23.9.255,+51-513-452-5881
468,Fey,Armal,farmalcz@dell.com,Female,99.69.225.205,+591-335-454-4564
469,Upton,Bertin,ubertind0@privacy.gov.au,Male,40.62.158.96,+48-929-800-4894
470,Jannel,Paddemore,jpaddemored1@wired.com,Female,121.232.45.74,+7-752-522-7076
471,Tobias,Disman,tdismand2@zimbio.com,Male,172.219.139.170,+55-989-530-7350
472,Stanley,Moretto,smorettod3@123-reg.co.uk,Male,240.190.188.160,+963-832-754-7577
473,Vidovic,Baudou,vbaudoud4@psu.edu,Male,246.169.69.181,+420-272-268-4152
474,Siana,Gower,sgowerd5@i2i.jp,Female,15.11.121.148,+7-301-449-0357
475,Lyn,Gypps,lgyppsd6@cpanel.net,Female,73.47.123.185,+44-836-486-0898
476,Irina,Poff,ipoffd7@tmall.com,Female,182.58.205.30,+46-336-324-7270
477,Alanah,Chismon,achismond8@github.io,Female,148.2.246.93,+7-262-605-7006
478,Sibeal,Wakerley,swakerleyd9@businessweek.com,Female,63.238.250.152,+33-562-309-0104
479,Elianore,Gilbride,egilbrideda@twitter.com,Female,52.34.17.132,+84-490-927-7675
480,Heindrick,Tommasi,htommasidb@pagesperso-orange.fr,Male,208.149.79.125,+976-565-472-7504
481,Merrill,Polini,mpolinidc@yale.edu,Male,57.128.117.254,+86-257-399-6384
482,Berthe,Demetr,bdemetrdd@fda.gov,Female,204.186.152.84,+7-115-843-3649
483,Tiffany,Peacey,tpeaceyde@ycombinator.com,Female,125.33.152.22,+66-901-120-6079
484,Sara,Rolfe,srolfedf@youku.com,Female,70.79.142.254,+62-936-914-5291
485,Julian,Theuss,jtheussdg@twitpic.com,Male,255.204.39.73,+48-617-617-1158
486,Tedda,Till,ttilldh@elegantthemes.com,Female,189.195.109.93,+62-864-247-7323
487,Maurise,Bracchi,mbracchidi@forbes.com,Female,173.78.247.20,+86-413-563-0141
488,Marshall,Martinets,mmartinetsdj@patch.com,Male,174.107.147.151,+380-832-688-9425
489,Kevon,Hawksby,khawksbydk@hatena.ne.jp,Male,67.122.171.154,+84-861-796-6383
490,Renaldo,Lawrance,rlawrancedl@cargocollective.com,Male,123.245.144.18,+31-901-688-8410
491,Dugald,Krzyzanowski,dkrzyzanowskidm@toplist.cz,Male,103.125.15.74,+66-720-510-1795
492,Aloin,McCrory,amccrorydn@nbcnews.com,Male,85.249.133.68,+62-916-750-0598
493,Griswold,Moorhead,gmoorheaddo@ebay.com,Male,12.110.195.242,+373-221-843-6685
494,Demetra,Pepperd,dpepperddp@slate.com,Female,74.157.222.155,+62-929-225-8557
495,Valentin,Spinks,vspinksdq@pcworld.com,Male,232.4.181.128,+62-182-973-5263
496,Armstrong,Rossander,arossanderdr@i2i.jp,Male,73.10.20.129,+232-971-143-1012
497,Courtnay,Long,clongds@pbs.org,Male,16.53.90.243,+86-312-190-5013
498,Lenna,Truitt,ltruittdt@thetimes.co.uk,Female,68.239.1.3,+595-241-357-2807
499,Tamas,Proffer,tprofferdu@webs.com,Male,1.120.89.221,+86-638-348-8541
500,Jere,Morena,jmorenadv@nba.com,Male,99.96.24.229,+86-552-852-1409
501,Rochell,Martinovic,rmartinovicdw@loc.gov,Female,137.140.21.138,+62-616-806-9087
502,Neill,Harefoot,nharefootdx@smh.com.au,Male,226.218.42.21,+502-553-477-4095
503,Filbert,Guilaem,fguilaemdy@mtv.com,Male,20.25.191.31,+86-254-533-1470
504,Normy,Sirmon,nsirmondz@virginia.edu,Male,244.248.249.116,+62-267-207-2163
505,Marcelia,Sanson,msansone0@pcworld.com,Female,79.201.142.212,+507-491-547-2317
506,Cherin,Sanpere,csanperee1@oracle.com,Female,231.78.132.91,+34-277-322-0527
507,Dilan,Spancock,dspancocke2@ezinearticles.com,Male,188.131.74.134,+258-573-742-4153
508,Enid,Kelberman,ekelbermane3@nymag.com,Female,153.223.70.240,+48-797-935-4728
509,Lynnette,Brumble,lbrumblee4@instagram.com,Female,141.225.43.4,+55-754-529-3577
510,Ulick,Haggleton,uhaggletone5@netscape.com,Male,254.139.183.210,+7-645-648-4678
511,Suzie,Tripney,stripneye6@ifeng.com,Female,10.155.74.143,+63-447-326-1341
512,Nanice,Howison,nhowisone7@multiply.com,Female,28.116.130.181,+48-475-954-0641
513,Kizzee,Rau,kraue8@gov.uk,Female,18.222.54.25,+371-799-456-2608
514,Roberta,Barde,rbardee9@princeton.edu,Female,180.153.29.220,+86-116-158-7185
515,Deerdre,Vayro,dvayroea@barnesandnoble.com,Female,227.27.115.202,+57-831-514-2439
516,Linn,McLaine,lmclaineeb@smh.com.au,Female,250.71.131.108,+86-988-401-9969
517,Ximenez,Lemasney,xlemasneyec@yelp.com,Male,83.137.225.231,+86-848-416-5182
518,Shae,Maycey,smayceyed@multiply.com,Female,210.177.53.16,+507-246-658-4259
519,Des,Najera,dnajeraee@ted.com,Male,10.125.215.185,+84-411-295-3029
520,Annabell,Canceller,acancelleref@yellowbook.com,Female,234.239.48.205,+63-180-721-1192
521,Lenci,Thickins,lthickinseg@netvibes.com,Male,233.63.210.42,+505-895-819-8624
522,Peirce,Aguirre,paguirreeh@youku.com,Male,73.181.83.114,+86-726-396-2755
523,Josy,Perkins,jperkinsei@goo.gl,Female,209.132.70.253,+7-558-864-0927
524,Jolyn,Shills,jshillsej@howstuffworks.com,Female,108.245.42.126,+86-832-193-3537
525,Bear,MacKimm,bmackimmek@msu.edu,Male,112.239.106.84,+63-299-400-8388
526,Mia,Ream,mreamel@ask.com,Female,154.101.2.191,+226-173-868-5015
527,Kerianne,Iannitti,kiannittiem@123-reg.co.uk,Female,110.118.160.36,+48-717-949-5704
528,Claudina,Frederick,cfredericken@usatoday.com,Female,101.132.60.37,+420-641-176-4439
529,Westbrooke,MacDaid,wmacdaideo@globo.com,Male,192.13.3.100,+234-391-290-9741
530,Sidney,de Copeman,sdecopemanep@bandcamp.com,Male,14.41.176.13,+7-231-832-4167
531,Arther,Float,afloateq@histats.com,Male,233.128.82.128,+1-532-914-2634
532,Adler,Neaves,aneaveser@prlog.org,Male,69.199.148.186,+1-712-174-3844
533,Bunny,Surgood,bsurgoodes@hexun.com,Female,244.192.1.48,+86-463-836-7587
534,Elianore,Masarrat,emasarratet@dmoz.org,Female,133.117.237.232,+237-189-849-1461
535,Trumaine,Vigneron,tvigneroneu@360.cn,Male,72.145.72.172,+62-862-332-9634
536,Kathi,Heakey,kheakeyev@ovh.net,Female,75.38.168.21,+63-253-344-4829
537,Brenna,Fenn,bfennew@odnoklassniki.ru,Female,230.0.193.13,+33-635-347-4256
538,Jolene,Murkitt,jmurkittex@umn.edu,Female,23.152.175.103,+86-125-834-9998
539,Elisha,Eckery,eeckeryey@cnet.com,Female,131.187.220.47,+86-226-117-6765
540,Lesley,McDell,lmcdellez@amazon.com,Female,206.150.212.181,+356-823-747-6609
541,Wilt,Lowne,wlownef0@zdnet.com,Male,119.177.168.56,+30-373-460-4145
542,Sandy,Demaid,sdemaidf1@rediff.com,Female,42.40.7.223,+963-162-401-7021
543,Jon,Sigg,jsiggf2@shareasale.com,Male,127.47.145.123,+53-404-754-1473
544,Rodrick,Dounbare,rdounbaref3@elpais.com,Male,92.195.136.163,+55-553-923-7184
545,Graham,Newbegin,gnewbeginf4@theglobeandmail.com,Male,138.195.105.88,+62-920-707-9327
546,Deni,Dryburgh,ddryburghf5@weather.com,Female,100.69.116.3,+51-823-571-7798
547,Sydney,Byforth,sbyforthf6@dailymotion.com,Male,6.111.213.109,+63-140-695-3063
548,Stephanus,Mallatratt,smallatrattf7@dot.gov,Male,207.180.69.245,+86-976-936-6229
549,Harlen,Houndesome,hhoundesomef8@pcworld.com,Male,132.195.13.65,+86-914-291-1097
550,Hersch,Okell,hokellf9@google.co.jp,Male,35.159.6.137,+1-254-514-3689
551,Ginelle,Kelf,gkelffa@mayoclinic.com,Female,252.238.199.199,+7-912-937-1596
552,Donall,Gillibrand,dgillibrandfb@reuters.com,Male,23.59.95.200,+63-969-390-5696
553,Casey,Edy,cedyfc@istockphoto.com,Male,93.243.159.247,+7-142-411-9679
554,Margaretta,Romayne,mromaynefd@thetimes.co.uk,Female,144.121.18.10,+62-395-743-7255
555,Benjamen,Kunzel,bkunzelfe@tripadvisor.com,Male,86.22.196.150,+1-202-456-1428
556,Lavena,Jarret,ljarretff@ox.ac.uk,Female,107.240.128.194,+358-250-798-9863
557,Stanfield,Bruneton,sbrunetonfg@woothemes.com,Male,50.57.30.193,+86-981-691-1584
558,Itch,Phillpot,iphillpotfh@epa.gov,Male,226.188.197.40,+30-717-665-8646
559,Bobby,Winter,bwinterfi@hubpages.com,Male,104.146.145.105,+387-848-970-0433
560,Monika,Uebel,muebelfj@census.gov,Female,61.32.147.139,+55-757-272-6337
561,Frasquito,Pettingill,fpettingillfk@printfriendly.com,Male,176.174.148.231,+63-208-364-7578
562,Dave,Dugmore,ddugmorefl@rambler.ru,Male,149.55.14.227,+86-585-747-3738
563,Davey,Gloster,dglosterfm@creativecommons.org,Male,175.161.10.236,+62-941-604-5130
564,Rowen,McComiskey,rmccomiskeyfn@scribd.com,Male,131.46.162.140,+7-228-532-1370
565,Anson,Ayer,aayerfo@elegantthemes.com,Male,168.226.209.73,+33-532-970-6424
566,Reynard,Iglesiaz,riglesiazfp@psu.edu,Male,108.69.13.113,+86-333-945-6165
567,Petronilla,Lantuff,plantufffq@tiny.cc,Female,126.184.83.85,+86-540-925-3344
568,Denny,Gehrtz,dgehrtzfr@gmpg.org,Female,14.93.100.31,+967-652-905-1202
569,Geoff,Willmett,gwillmettfs@ustream.tv,Male,131.175.250.8,+46-248-452-4078
570,Melesa,Rastrick,mrastrickft@mozilla.com,Female,3.128.233.3,+234-288-359-7545
571,Tabbitha,Gall,tgallfu@histats.com,Female,136.206.146.2,+55-199-884-6481
572,Dewie,Gorse,dgorsefv@godaddy.com,Male,71.8.210.176,+374-498-984-3049
573,Derrik,Stutte,dstuttefw@unesco.org,Male,179.228.17.116,+54-305-258-8914
574,Doralyn,Bettridge,dbettridgefx@w3.org,Female,116.226.135.108,+52-639-859-3199
575,Merill,Wilacot,mwilacotfy@last.fm,Male,141.255.144.12,+62-299-663-8658
576,Kamila,Ingrem,kingremfz@walmart.com,Female,225.200.218.249,+55-589-467-0480
577,Thor,Taffie,ttaffieg0@ifeng.com,Male,51.152.78.136,+7-333-797-3337
578,Biddie,Juares,bjuaresg1@so-net.ne.jp,Female,121.129.199.138,+62-918-524-6252
579,Myriam,Fearfull,mfearfullg2@quantcast.com,Female,204.42.13.149,+880-226-486-2392
580,Lou,Huikerby,lhuikerbyg3@cam.ac.uk,Male,253.228.29.57,+86-985-930-5661
581,Wallis,Treslove,wtresloveg4@usatoday.com,Male,55.159.152.169,+34-878-121-4527
582,Obadiah,Terrill,oterrillg5@tripadvisor.com,Male,119.238.105.186,+54-425-654-3509
583,Melisa,Dowty,mdowtyg6@google.nl,Female,192.216.43.229,+62-689-556-3776
584,Nikolaos,Riddoch,nriddochg7@state.gov,Male,203.192.135.232,+86-545-303-4746
585,Barnabe,Pilmoor,bpilmoorg8@drupal.org,Male,99.255.144.167,+86-360-851-2947
586,Nadia,Behneke,nbehnekeg9@angelfire.com,Female,91.144.253.22,+86-950-630-7441
587,Jaclin,Foyle,jfoylega@xinhuanet.com,Female,125.111.215.15,+55-405-184-2441
588,Bari,Fairney,bfairneygb@virginia.edu,Female,119.26.84.138,+48-337-337-2431
589,Stephi,McPhelim,smcphelimgc@eventbrite.com,Female,145.189.62.253,+51-695-851-2039
590,Barris,Bengough,bbengoughgd@wunderground.com,Male,95.27.247.230,+62-378-951-6792
591,Luelle,Matijevic,lmatijevicge@furl.net,Female,239.16.123.172,+62-280-277-7176
592,Raf,Troy,rtroygf@feedburner.com,Female,78.162.48.11,+86-480-542-3267
593,Winna,Povlsen,wpovlsengg@themeforest.net,Female,186.226.84.29,+36-529-787-5215
594,Atlanta,Downage,adownagegh@dell.com,Female,143.168.122.62,+66-780-335-0843
595,Karissa,Labrom,klabromgi@npr.org,Female,129.182.90.159,+62-827-310-4998
596,Trent,Moralee,tmoraleegj@freewebs.com,Male,249.90.121.245,+46-216-149-2354
597,Ralina,Tatham,rtathamgk@squarespace.com,Female,244.153.173.142,+86-650-310-5969
598,Ringo,Willan,rwillangl@live.com,Male,37.32.36.51,+81-344-271-7627
599,Shelia,MacArte,smacartegm@eepurl.com,Female,97.221.221.179,+358-943-871-1761
600,Felic,Taborre,ftaborregn@ow.ly,Male,50.13.87.230,+62-317-103-5001
601,Rica,Franklin,rfranklingo@twitter.com,Female,182.156.244.165,+33-997-861-3456
602,Amabelle,Blunsom,ablunsomgp@yelp.com,Female,74.245.236.18,+60-999-551-2837
603,Osmund,Kendal,okendalgq@youtu.be,Male,27.161.69.208,+967-624-181-5671
604,Hyatt,Daverin,hdaveringr@joomla.org,Male,101.133.135.237,+33-561-260-8803
605,Maison,Polfer,mpolfergs@apache.org,Male,168.3.251.102,+55-556-404-2412
606,Franny,Izaks,fizaksgt@pbs.org,Male,16.92.166.209,+976-280-224-5654
607,Anstice,O'Howbane,aohowbanegu@businessinsider.com,Female,222.195.88.152,+86-656-830-4360
608,Bernice,Fontaine,bfontainegv@eventbrite.com,Female,4.23.50.210,+86-158-304-3091
609,Janka,Mucklestone,jmucklestonegw@usa.gov,Female,189.104.203.200,+352-117-836-0625
610,Beverley,Wylam,bwylamgx@csmonitor.com,Female,109.179.4.216,+353-350-934-8967
611,Ula,Ingyon,uingyongy@google.it,Female,25.102.218.224,+62-930-838-8661
612,Erin,Gouly,egoulygz@comcast.net,Male,184.11.217.12,+63-385-636-0698
613,Reggy,Trappe,rtrappeh0@desdev.cn,Male,103.205.88.15,+386-744-810-1623
614,Ansell,Blaver,ablaverh1@wikispaces.com,Male,237.207.141.55,+62-281-322-8475
615,Trev,Bletso,tbletsoh2@clickbank.net,Male,46.19.117.147,+7-541-827-8581
616,Hope,Romaines,hromainesh3@upenn.edu,Female,70.15.146.156,+502-371-714-5337
617,Evelin,Krysztowczyk,ekrysztowczykh4@digg.com,Male,171.94.183.13,+234-873-532-0321
618,Jammal,Mallison,jmallisonh5@instagram.com,Male,195.97.203.151,+227-647-172-8385
619,Micheal,Fyfe,mfyfeh6@hhs.gov,Male,68.164.136.220,+7-801-859-1962
620,Marty,Gerrels,mgerrelsh7@bbc.co.uk,Female,8.152.120.164,+7-327-108-3681
621,Simeon,Beddo,sbeddoh8@tinyurl.com,Male,28.182.203.205,+63-847-797-7051
622,Antonino,Impy,aimpyh9@soundcloud.com,Male,83.251.193.136,+63-912-289-5925
623,Rorie,Drewes,rdrewesha@dell.com,Female,147.152.38.111,+86-156-185-0768
624,Louisa,Jacqueminot,ljacqueminothb@abc.net.au,Female,254.208.245.142,+55-214-396-8177
625,Addie,Searight,asearighthc@google.com.br,Male,86.179.163.52,+55-971-334-1788
626,Thornie,Ofen,tofenhd@weebly.com,Male,197.89.253.124,+502-876-908-9269
627,Adelina,Whiffen,awhiffenhe@google.com.au,Female,119.148.243.146,+66-648-722-0649
628,Mohandis,Potapczuk,mpotapczukhf@sun.com,Male,44.5.212.85,+52-647-953-7033
629,Waldon,Sawday,wsawdayhg@go.com,Male,80.16.113.173,+86-113-682-5840
630,Wilt,Ponceford,wponcefordhh@mapquest.com,Male,21.57.105.122,+7-949-318-0931
631,Barth,Narducci,bnarduccihi@istockphoto.com,Male,129.255.152.83,+48-472-600-8250
632,Mechelle,Jakubovsky,mjakubovskyhj@bravesites.com,Female,213.36.114.0,+389-533-771-2893
633,Nona,Pennings,npenningshk@topsy.com,Female,116.160.194.127,+57-481-242-2661
634,Brenda,Iuorio,biuoriohl@state.tx.us,Female,45.243.144.226,+62-522-569-8180
635,Hollyanne,McCard,hmccardhm@wsj.com,Female,23.211.210.109,+351-675-573-4758
636,Westleigh,Ewin,wewinhn@slashdot.org,Male,222.105.213.13,+32-795-971-2617
637,Nat,McTerrelly,nmcterrellyho@samsung.com,Male,193.48.69.227,+63-111-467-6401
638,Farr,Gillford,fgillfordhp@cafepress.com,Male,2.55.200.123,+86-386-508-4756
639,Vitia,Sedger,vsedgerhq@theglobeandmail.com,Female,71.200.168.231,+86-423-896-9332
640,Rori,Stable,rstablehr@msn.com,Female,171.130.52.96,+48-444-187-4313
641,Donni,Destouche,ddestouchehs@pagesperso-orange.fr,Female,85.152.233.182,+33-401-773-7445
642,Latrena,Herley,lherleyht@lycos.com,Female,56.120.80.44,+46-778-932-2292
643,Sherwin,Scorthorne,sscorthornehu@spiegel.de,Male,213.116.242.201,+86-854-983-1257
644,Kermy,Matas,kmatashv@google.nl,Male,145.216.194.88,+359-733-463-8493
645,Timmie,Bellew,tbellewhw@loc.gov,Male,246.16.28.51,+66-662-566-5444
646,Darelle,Kobisch,dkobischhx@vistaprint.com,Female,147.148.73.78,+46-500-730-2784
647,Barrett,Danihel,bdanihelhy@edublogs.org,Male,134.20.168.136,+351-268-866-4454
648,Paten,Monard,pmonardhz@odnoklassniki.ru,Male,77.203.168.76,+62-413-326-8244
649,Abbot,Hart,aharti0@nationalgeographic.com,Male,99.154.141.149,+81-817-907-3430
650,Natty,O'Doghesty,nodoghestyi1@oracle.com,Male,72.76.57.141,+66-598-579-0944
651,Dasha,Matchell,dmatchelli2@hugedomains.com,Female,1.244.10.253,+380-736-357-1973
652,Averil,Archibold,aarchiboldi3@chronoengine.com,Male,172.250.231.147,+55-732-885-5805
653,Eartha,Leversha,elevershai4@stanford.edu,Female,135.13.121.107,+355-830-544-1840
654,Angelle,Mobius,amobiusi5@topsy.com,Female,183.75.141.204,+86-579-811-0867
655,Dell,Duckfield,dduckfieldi6@addtoany.com,Female,141.139.71.237,+86-731-465-4848
656,Charline,Lesley,clesleyi7@dailymail.co.uk,Female,43.221.120.64,+98-267-348-5569
657,Graehme,Cruce,gcrucei8@rediff.com,Male,206.128.231.212,+86-871-426-3261
658,Martin,Charnock,mcharnocki9@paginegialle.it,Male,239.248.121.126,+7-521-591-6440
659,Denver,Hedditeh,dhedditehia@cam.ac.uk,Male,60.25.228.143,+55-602-374-9131
660,Ricardo,Domm,rdommib@harvard.edu,Male,101.138.196.169,+358-160-544-6968
661,Bengt,Greeve,bgreeveic@a8.net,Male,10.26.251.167,+54-489-886-3513
662,Kenneth,La Padula,klapadulaid@seesaa.net,Male,82.218.72.39,+1-524-926-9749
663,Dannye,Chadd,dchaddie@stanford.edu,Female,75.19.221.21,+355-920-295-3518
664,Sherm,Sinclar,ssinclarif@dagondesign.com,Male,113.217.153.109,+62-713-369-5539
665,Cazzie,MacElroy,cmacelroyig@diigo.com,Male,152.142.127.124,+48-228-682-0643
666,Jaynell,Brogden,jbrogdenih@ibm.com,Female,49.16.206.79,+386-964-351-1225
667,Cordy,Sixsmith,csixsmithii@opensource.org,Female,203.68.234.47,+33-257-616-8925
668,Michal,Pocock,mpocockij@ucoz.com,Male,188.100.11.126,+86-593-979-4700
669,Christel,Dallaway,cdallawayik@simplemachines.org,Female,220.210.30.102,+7-387-356-9602
670,Amble,Swayton,aswaytonil@comcast.net,Male,5.101.132.116,+1-824-836-3642
671,Corty,Dench,cdenchim@nymag.com,Male,84.51.1.71,+63-761-803-9421
672,Tynan,Aronovich,taronovichin@europa.eu,Male,227.104.79.250,+86-845-738-9981
673,Issy,Jammes,ijammesio@creativecommons.org,Female,104.43.89.49,+223-580-690-5906
674,Marvin,Ashcroft,mashcroftip@fc2.com,Male,9.184.18.44,+66-855-399-1226
675,Parnell,Clink,pclinkiq@usa.gov,Male,191.247.39.149,+63-739-223-7570
676,Marcellus,Walkley,mwalkleyir@bbc.co.uk,Male,139.190.111.243,+254-529-222-3256
677,Demetris,Peche,dpecheis@unicef.org,Male,58.137.252.133,+670-442-996-1697
678,Emmott,Hartropp,ehartroppit@dion.ne.jp,Male,134.87.23.96,+63-968-838-3385
679,Johnath,Sach,jsachiu@oaic.gov.au,Female,240.220.129.60,+48-980-265-7865
680,Jake,Klulisek,jklulisekiv@usda.gov,Male,173.92.254.2,+232-907-818-3511
681,Edyth,Whitehair,ewhitehairiw@naver.com,Female,129.233.37.31,+351-744-835-3301
682,Barbee,Marle,bmarleix@foxnews.com,Female,93.230.241.152,+7-298-794-2234
683,Hillard,Heams,hheamsiy@yolasite.com,Male,82.227.163.150,+33-292-202-0014
684,Reuven,Zecchinelli,rzecchinelliiz@devhub.com,Male,56.105.162.202,+55-537-853-2355
685,Candie,Demchen,cdemchenj0@wordpress.org,Female,180.205.237.108,+380-541-303-2603
686,Bard,Waterworth,bwaterworthj1@hexun.com,Male,223.76.88.209,+63-737-937-4120
687,Dasya,Macilhench,dmacilhenchj2@nytimes.com,Female,14.246.82.115,+7-969-102-8894
688,Fons,Jumonet,fjumonetj3@odnoklassniki.ru,Male,6.41.7.31,+7-460-501-0547
689,Hermann,Arnoud,harnoudj4@telegraph.co.uk,Male,186.168.202.236,+34-348-838-6569
690,Jaymee,Klyner,jklynerj5@ebay.com,Female,176.246.60.219,+593-705-602-7452
691,Janean,Demanche,jdemanchej6@cornell.edu,Female,119.99.36.20,+51-267-228-8709
692,Erika,Celez,ecelezj7@ca.gov,Female,20.104.68.11,+52-448-291-8300
693,Daniella,Buxsey,dbuxseyj8@hexun.com,Female,44.125.139.202,+55-516-230-8162
694,Hastie,Lease,hleasej9@cmu.edu,Male,239.83.78.42,+57-180-273-4475
695,Sibella,Kobpac,skobpacja@vk.com,Female,18.111.38.94,+86-620-685-5011
696,Nilson,Kelwaybamber,nkelwaybamberjb@blogtalkradio.com,Male,226.155.173.114,+48-808-371-1282
697,Gwenore,Sherwill,gsherwilljc@elpais.com,Female,35.187.251.223,+52-185-749-0320
698,Alair,Form,aformjd@a8.net,Male,122.27.153.7,+967-619-842-3381
699,Dorotea,Stuchberry,dstuchberryje@ycombinator.com,Female,120.244.82.110,+7-670-668-0041
700,Sabra,Long,slongjf@google.pl,Female,251.46.10.98,+86-938-944-4050
701,Hedy,McMackin,hmcmackinjg@cnbc.com,Female,21.108.249.107,+51-867-405-8169
702,Smitty,Hurles,shurlesjh@bizjournals.com,Male,115.182.184.138,+86-492-504-3080
703,Ellswerth,Nassau,enassauji@addtoany.com,Male,17.22.81.231,+970-611-866-5195
704,Tabbie,Cahey,tcaheyjj@mapy.cz,Female,147.5.23.75,+55-602-318-7066
705,Morgun,Verny,mvernyjk@mail.ru,Male,237.226.196.24,+81-730-909-0764
706,Daisey,Trusler,dtruslerjl@gmpg.org,Female,105.175.242.160,+237-536-546-6620
707,Albie,Bassam,abassamjm@tumblr.com,Male,192.227.237.2,+381-222-577-5431
708,Grady,Plewright,gplewrightjn@europa.eu,Male,118.203.173.151,+86-314-407-2761
709,Stacy,Arrow,sarrowjo@washingtonpost.com,Female,38.35.231.182,+86-453-810-1690
710,Jedd,Follit,jfollitjp@archive.org,Male,205.240.210.11,+63-879-770-6098
711,Claudia,Sporle,csporlejq@dropbox.com,Female,107.172.254.187,+86-245-540-1402
712,Idell,Dunning,idunningjr@zdnet.com,Female,165.14.156.235,+86-986-778-6235
713,Ulrikaumeko,Duester,uduesterjs@mayoclinic.com,Female,1.249.164.235,+86-549-148-6564
714,Saree,Philipart,sphilipartjt@fastcompany.com,Female,71.12.122.43,+383-317-746-4399
715,Biron,Gonnely,bgonnelyju@mashable.com,Male,208.163.171.55,+46-736-735-4916
716,Zondra,Custance,zcustancejv@elpais.com,Female,16.245.174.168,+256-200-864-3425
717,Ravid,Menzies,rmenziesjw@youtu.be,Male,77.251.143.150,+30-724-555-7667
718,Ramsey,Geraghty,rgeraghtyjx@booking.com,Male,219.96.84.107,+62-415-465-8061
719,Dona,Kalb,dkalbjy@list-manage.com,Female,239.49.119.185,+98-458-622-7658
720,Garrik,Drakeford,gdrakefordjz@photobucket.com,Male,151.190.33.21,+46-573-446-4708
721,Garald,Disbrow,gdisbrowk0@jimdo.com,Male,197.86.60.188,+63-756-181-9495
722,Shadow,Menicomb,smenicombk1@hc360.com,Male,197.164.215.82,+86-204-827-4387
723,Galven,Gilkison,ggilkisonk2@com.com,Male,33.151.121.125,+63-779-641-7974
724,Nevile,Kale,nkalek3@soup.io,Male,173.253.220.140,+380-451-659-1170
725,Jelene,Blasik,jblasikk4@photobucket.com,Female,104.122.95.166,+57-701-115-1369
726,Katha,McKirdy,kmckirdyk5@paypal.com,Female,195.242.171.201,+967-454-705-4391
727,Tandy,Goodliff,tgoodliffk6@51.la,Female,199.113.42.218,+963-626-568-9447
728,Delly,Francis,dfrancisk7@mashable.com,Female,27.114.157.74,+86-630-554-0548
729,Aviva,Aymer,aaymerk8@hibu.com,Female,103.254.159.155,+880-109-838-5158
730,Donia,Trillo,dtrillok9@adobe.com,Female,192.157.99.215,+46-991-881-5893
731,Roobbie,Delagua,rdelaguaka@state.tx.us,Female,67.39.71.121,+46-564-895-0852
732,Leodora,Giraudy,lgiraudykb@phoca.cz,Female,213.114.56.255,+266-240-360-5568
733,Tammy,Hofer,thoferkc@buzzfeed.com,Female,64.160.207.81,+30-322-684-6406
734,Tarrance,Johannes,tjohanneskd@state.gov,Male,129.6.64.206,+86-998-337-1197
735,Gelya,Ramplee,grampleeke@tumblr.com,Female,83.132.255.16,+216-720-740-8795
736,Anne-corinne,Nazareth,anazarethkf@slideshare.net,Female,89.6.65.201,+86-617-985-1687
737,Gusta,Nerne,gnernekg@flavors.me,Female,200.192.215.17,+63-144-796-0028
738,Stanley,Sneezem,ssneezemkh@slideshare.net,Male,169.229.56.83,+680-403-361-4956
739,Freeland,Byart,fbyartki@amazon.co.jp,Male,129.125.215.191,+850-705-135-4845
740,Marcellina,Wabey,mwabeykj@mediafire.com,Female,235.149.237.64,+52-810-302-1784
741,Lian,Bartosek,lbartosekkk@yale.edu,Female,92.149.244.82,+502-974-956-6129
742,Amalie,Sealove,asealovekl@1688.com,Female,38.31.54.196,+33-553-677-1994
743,Taffy,Jersh,tjershkm@alibaba.com,Female,141.193.38.156,+48-561-219-6399
744,Miguel,Castagnet,mcastagnetkn@ca.gov,Male,20.11.46.34,+33-778-485-9722
745,Quintana,Mulvey,qmulveyko@taobao.com,Female,146.19.230.206,+7-288-247-0412
746,Aggi,Castleman,acastlemankp@plala.or.jp,Female,56.229.239.218,+63-776-928-6311
747,Sheri,Rabbe,srabbekq@wikia.com,Female,47.50.22.198,+86-802-511-5856
748,Mahmoud,Ogglebie,mogglebiekr@techcrunch.com,Male,135.240.19.205,+86-656-669-8961
749,Mattias,Imison,mimisonks@prlog.org,Male,74.41.161.165,+51-936-417-8251
750,Jacqui,Joslow,jjoslowkt@mapquest.com,Female,64.11.86.170,+52-631-450-0943
751,Jaynell,Cobson,jcobsonku@imageshack.us,Female,90.235.217.117,+504-317-213-4153
752,Nathaniel,Alflat,nalflatkv@cnn.com,Male,201.30.58.36,+48-658-773-1504
753,Gardner,Le Brum,glebrumkw@homestead.com,Male,194.152.191.14,+7-833-719-5318
754,Tallie,Herculeson,therculesonkx@imdb.com,Female,88.212.42.117,+976-685-700-5373
755,Nickolas,Tabert,ntabertky@ycombinator.com,Male,9.122.200.99,+380-196-398-9468
756,Shaughn,Greenalf,sgreenalfkz@ycombinator.com,Male,188.228.249.94,+420-919-285-0054
757,Mahalia,Pillington,mpillingtonl0@rediff.com,Female,226.235.82.201,+86-982-837-1266
758,Clint,Matthis,cmatthisl1@vistaprint.com,Male,17.62.73.92,+54-300-377-1365
759,Joyann,Mowlam,jmowlaml2@weather.com,Female,199.180.5.81,+55-327-280-0098
760,Raimund,McKeaney,rmckeaneyl3@baidu.com,Male,173.207.33.99,+55-762-356-1607
761,Ray,Hamblyn,rhamblynl4@toplist.cz,Female,100.117.48.124,+7-859-621-7486
762,Ingrid,Cardenosa,icardenosal5@yahoo.co.jp,Female,237.132.189.93,+86-128-756-1249
763,Clarita,Shemmin,cshemminl6@zdnet.com,Female,197.147.153.130,+48-550-383-6988
764,Damian,Steers,dsteersl7@delicious.com,Male,99.114.169.95,+62-435-791-9537
765,Othilie,D'Enrico,odenricol8@topsy.com,Female,70.242.232.134,+48-870-803-6589
766,Basil,Haine,bhainel9@is.gd,Male,125.63.236.39,+234-773-128-9166
767,Delaney,Cornish,dcornishla@xing.com,Male,230.28.195.79,+62-414-591-7541
768,Rosalynd,Standish,rstandishlb@howstuffworks.com,Female,80.235.167.114,+255-606-498-3660
769,Trescha,Lindenbluth,tlindenbluthlc@wikipedia.org,Female,95.236.126.62,+237-559-326-1734
770,Lauren,Crosio,lcrosiold@ft.com,Male,64.77.70.165,+963-465-359-7996
771,Valery,Chelam,vchelamle@ucsd.edu,Female,211.75.229.186,+33-123-594-1972
772,Toiboid,Darbyshire,tdarbyshirelf@admin.ch,Male,178.163.252.82,+63-990-350-1651
773,Fayina,Janik,fjaniklg@people.com.cn,Female,241.196.255.2,+994-448-701-9493
774,Leroy,Hessentaler,lhessentalerlh@tiny.cc,Male,221.223.234.4,+62-900-170-1937
775,Leonard,Furber,lfurberli@slate.com,Male,175.68.232.82,+216-122-631-6528
776,Shaun,Trim,strimlj@scribd.com,Male,79.186.18.115,+86-330-290-5608
777,Alexa,Slott,aslottlk@usnews.com,Female,5.38.16.116,+62-975-408-5537
778,Hart,Schuelcke,hschuelckell@kickstarter.com,Male,230.7.78.79,+380-175-163-6887
779,Hewet,Derrell,hderrelllm@friendfeed.com,Male,36.95.82.29,+62-837-540-5724
780,Waldemar,Paynter,wpaynterln@amazon.co.jp,Male,85.134.172.49,+41-317-733-0647
781,Binky,Leneve,blenevelo@tinyurl.com,Male,123.73.207.177,+62-470-320-3423
782,Yettie,Scullard,yscullardlp@yellowpages.com,Female,251.212.173.142,+994-770-580-4043
783,Tess,Paynter,tpaynterlq@adobe.com,Female,165.232.64.62,+7-751-114-2196
784,Ernesta,Jakoubek,ejakoubeklr@army.mil,Female,254.34.15.231,+63-118-378-4515
785,Natty,Godman,ngodmanls@sciencedaily.com,Female,11.45.119.41,+223-946-863-5014
786,Baryram,Geydon,bgeydonlt@sourceforge.net,Male,100.171.147.222,+86-996-767-8432
787,Tessi,Blackborough,tblackboroughlu@webmd.com,Female,223.41.175.56,+86-222-517-4819
788,Ashla,De Carlo,adecarlolv@blinklist.com,Female,45.91.109.178,+387-597-354-2270
789,Sergio,Cardoo,scardoolw@google.ca,Male,37.108.33.18,+263-381-687-5668
790,Mordecai,Olrenshaw,molrenshawlx@stumbleupon.com,Male,255.67.191.28,+62-211-925-8441
791,Kaycee,Buxcy,kbuxcyly@de.vu,Female,61.73.83.206,+63-557-676-8913
792,Cordie,Brookesbie,cbrookesbielz@about.com,Male,228.228.203.18,+55-582-800-2583
793,Bernie,Sergent,bsergentm0@etsy.com,Male,122.128.240.194,+63-276-707-0882
794,Kristy,Mayhead,kmayheadm1@forbes.com,Female,104.56.202.231,+351-961-365-2886
795,Ase,Gheerhaert,agheerhaertm2@senate.gov,Male,151.245.14.217,+962-977-297-6244
796,Jose,Cleiment,jcleimentm3@sohu.com,Male,8.63.110.34,+86-247-576-8003
797,Giffie,McCurlye,gmccurlyem4@tinyurl.com,Male,166.61.93.187,+1-269-974-5470
798,Lock,Mealand,lmealandm5@nymag.com,Male,254.30.197.13,+86-687-270-2273
799,Bird,Endon,bendonm6@sbwire.com,Female,61.237.249.22,+994-565-657-3869
800,Homere,Caley,hcaleym7@google.com.hk,Male,194.173.223.45,+970-291-236-0306
801,Hulda,D'Aulby,hdaulbym8@zimbio.com,Female,27.46.186.171,+86-565-179-9610
802,Angelique,O'Brian,aobrianm9@harvard.edu,Female,110.26.251.153,+82-312-164-4011
803,Yard,Emloch,yemlochma@themeforest.net,Male,91.174.55.178,+86-354-103-0970
804,Witty,Bruckmann,wbruckmannmb@sitemeter.com,Male,124.179.215.33,+1-589-215-5687
805,Archie,Gouny,agounymc@google.co.uk,Male,178.74.83.122,+52-270-747-3882
806,Gran,O'Rafferty,goraffertymd@studiopress.com,Male,11.132.110.101,+63-832-909-1727
807,Ardith,Buddington,abuddingtonme@icq.com,Female,106.195.19.84,+55-478-333-5085
808,Leanor,Orpen,lorpenmf@narod.ru,Female,106.158.0.90,+93-915-181-5366
809,Reinald,Silverston,rsilverstonmg@google.com,Male,179.220.187.99,+62-774-249-7404
810,Jo-ann,Spear,jspearmh@who.int,Female,132.4.238.69,+47-921-411-5067
811,Shayla,Doolan,sdoolanmi@homestead.com,Female,220.80.253.33,+86-718-122-5896
812,Susette,Weatherhead,sweatherheadmj@fastcompany.com,Female,56.205.27.39,+55-799-501-9387
813,Gherardo,Merle,gmerlemk@google.co.uk,Male,101.109.99.175,+7-429-356-3565
814,Gail,Buzin,gbuzinml@dell.com,Male,164.149.190.19,+33-959-140-5420
815,Kile,Hamments,khammentsmm@state.gov,Male,250.207.89.187,+7-356-270-1642
816,Carrissa,Hannum,channummn@macromedia.com,Female,254.203.129.142,+7-763-253-3157
817,Addie,Hutchin,ahutchinmo@printfriendly.com,Male,56.243.27.173,+33-139-172-4608
818,Ronny,Corner,rcornermp@chron.com,Male,192.175.155.254,+81-558-297-6458
819,Albertina,Gorringe,agorringemq@tripod.com,Female,4.69.115.206,+84-579-465-5189
820,Paulette,Jefford,pjeffordmr@posterous.com,Female,198.242.157.212,+7-401-909-8556
821,Latisha,Farady,lfaradyms@fema.gov,Female,176.253.28.169,+51-137-770-9522
822,Annaliese,Twiddy,atwiddymt@eventbrite.com,Female,110.68.248.96,+420-276-424-8517
823,Judon,Schoenrock,jschoenrockmu@techcrunch.com,Male,112.122.45.26,+48-759-277-1549
824,Jeffrey,Swayne,jswaynemv@vimeo.com,Male,185.102.238.142,+1-516-136-3996
825,Elston,Coyne,ecoynemw@simplemachines.org,Male,116.121.20.203,+92-404-643-1672
826,Marlowe,Welman,mwelmanmx@mtv.com,Male,129.14.214.228,+62-122-111-5681
827,Ashlin,Sibyllina,asibyllinamy@facebook.com,Male,30.76.211.227,+45-980-562-8662
828,Raimundo,Hannigan,rhanniganmz@earthlink.net,Male,173.67.82.147,+98-455-972-6876
829,Clotilda,Skarin,cskarinn0@bbc.co.uk,Female,53.82.77.195,+265-694-885-4409
830,Bernita,Spaunton,bspauntonn1@uol.com.br,Female,212.90.244.59,+1-857-291-8261
831,Amalea,Mosley,amosleyn2@sakura.ne.jp,Female,56.95.93.11,+33-224-732-9423
832,Paulie,Cromett,pcromettn3@homestead.com,Male,213.98.20.168,+86-530-524-4694
833,Donall,Grishelyov,dgrishelyovn4@nytimes.com,Male,245.136.103.235,+62-773-879-3101
834,Graig,Habercham,ghaberchamn5@slashdot.org,Male,202.169.244.30,+55-455-549-2428
835,Sarene,Scoines,sscoinesn6@altervista.org,Female,60.65.194.243,+62-165-891-3903
836,Elysee,Chicchelli,echicchellin7@illinois.edu,Female,176.155.203.156,+351-664-366-7197
837,Otto,Fears,ofearsn8@baidu.com,Male,226.244.111.210,+86-395-246-9606
838,Malcolm,Physick,mphysickn9@over-blog.com,Male,254.24.123.13,+62-125-523-4973
839,Karia,Stutte,kstuttena@squidoo.com,Female,68.27.121.192,+420-585-371-2226
840,Benedicto,Anthoine,banthoinenb@blogger.com,Male,9.9.169.7,+222-918-592-5406
841,Inesita,Colcutt,icolcuttnc@indiegogo.com,Female,70.231.16.153,+82-376-361-2352
842,Phillipp,Reggiani,preggianind@timesonline.co.uk,Male,186.220.28.114,+225-517-265-7684
843,Berkly,Dennison,bdennisonne@woothemes.com,Male,96.255.119.229,+62-348-552-5554
844,Marlo,Warton,mwartonnf@springer.com,Male,45.121.102.169,+269-884-271-1094
845,Dolph,Cope,dcopeng@g.co,Male,7.17.160.213,+86-307-209-7655
846,Nikoletta,Goldhawk,ngoldhawknh@oracle.com,Female,34.10.89.71,+234-924-996-6525
847,Boot,Fosse,bfosseni@ftc.gov,Male,62.252.8.13,+1-303-266-9693
848,Abram,Rambaut,arambautnj@issuu.com,Male,84.27.37.132,+420-771-252-4062
849,Merrilee,Christall,mchristallnk@cloudflare.com,Female,36.62.105.106,+86-319-586-6584
850,Therine,Digman,tdigmannl@alibaba.com,Female,82.52.19.222,+234-250-739-1623
851,Henrieta,Wilcocke,hwilcockenm@globo.com,Female,34.0.36.250,+86-553-743-7193
852,Bartie,Sleet,bsleetnn@mac.com,Male,139.164.216.255,+7-849-565-0949
853,Ivory,Cobon,icobonno@live.com,Female,254.59.180.0,+86-544-846-9070
854,Veronique,Berndtssen,vberndtssennp@github.com,Female,203.155.21.2,+30-428-517-1431
855,Doroteya,Brunicke,dbrunickenq@goo.ne.jp,Female,192.220.192.149,+55-359-799-4622
856,Bev,Sipson,bsipsonnr@usda.gov,Female,2.139.172.6,+86-721-545-8292
857,Joby,Mawby,jmawbyns@state.gov,Female,188.178.222.217,+86-600-143-9719
858,Loutitia,Nesterov,lnesterovnt@indiatimes.com,Female,151.236.153.214,+86-741-189-5060
859,Ruthe,Mawtus,rmawtusnu@canalblog.com,Female,231.27.147.206,+51-569-585-1981
860,Dulci,Eagar,deagarnv@mail.ru,Female,110.160.89.131,+7-146-507-7605
861,Hubey,Peever,hpeevernw@php.net,Male,5.187.255.191,+62-992-334-9592
862,Jethro,Bullick,jbullicknx@arstechnica.com,Male,153.193.130.30,+33-235-785-5319
863,Lorraine,McGlade,lmcgladeny@cornell.edu,Female,88.247.177.108,+86-848-828-4154
864,Yolande,Lghan,ylghannz@quantcast.com,Female,235.142.40.100,+7-811-661-8251
865,Waylon,McTeggart,wmcteggarto0@is.gd,Male,232.39.166.7,+86-752-701-1646
866,Barnett,Gabbitas,bgabbitaso1@techcrunch.com,Male,203.45.174.214,+86-457-694-0035
867,Harmon,Langdon,hlangdono2@g.co,Male,159.24.116.165,+963-787-408-6149
868,Urbanus,Harly,uharlyo3@cnet.com,Male,38.181.209.72,+20-370-363-8250
869,Parsifal,Gilardengo,pgilardengoo4@e-recht24.de,Male,129.201.69.46,+86-442-359-6230
870,Nesta,Feldbrin,nfeldbrino5@nps.gov,Female,65.180.46.84,+86-236-689-1333
871,Jennie,Ipsley,jipsleyo6@nhs.uk,Female,90.197.236.220,+504-130-234-6614
872,Mathew,Start,mstarto7@nbcnews.com,Male,54.68.155.205,+234-990-750-5718
873,Garner,Maude,gmaudeo8@nature.com,Male,202.1.137.105,+46-698-391-5451
874,Madison,Ovitz,movitzo9@reference.com,Male,197.227.4.42,+86-422-229-6066
875,Marcella,Simmonite,msimmoniteoa@linkedin.com,Female,239.47.48.182,+506-576-933-7850
876,Lu,Ferbrache,lferbracheob@wisc.edu,Female,255.39.84.16,+62-797-550-9231
877,Collie,Fernandes,cfernandesoc@umn.edu,Female,37.104.109.153,+46-695-859-7868
878,Lelah,Robrow,lrobrowod@upenn.edu,Female,222.99.115.129,+86-569-385-8311
879,Al,Shawyers,ashawyersoe@stumbleupon.com,Male,100.167.197.179,+378-349-131-2086
880,Ramon,Cescon,rcesconof@constantcontact.com,Male,86.214.121.211,+30-638-555-0027
881,Raquel,Bichener,rbichenerog@illinois.edu,Female,243.164.78.217,+86-899-404-1038
882,Dorene,Melloy,dmelloyoh@ucoz.com,Female,244.244.219.32,+48-730-821-2927
883,Maurita,Mullineux,mmullineuxoi@sphinn.com,Female,71.167.42.222,+506-559-700-7951
884,Timmy,Dudson,tdudsonoj@latimes.com,Male,149.250.77.201,+30-526-182-1915
885,Cazzie,Magnar,cmagnarok@sbwire.com,Male,75.108.222.24,+86-149-975-2034
886,Bert,Barzen,bbarzenol@youku.com,Female,233.249.131.104,+86-837-269-7590
887,Patrizio,Edmondson,pedmondsonom@4shared.com,Male,40.84.178.95,+86-235-375-8432
888,Ashbey,Fronczak,afronczakon@bandcamp.com,Male,85.192.237.69,+86-877-213-4287
889,Ollie,Giles,ogilesoo@seattletimes.com,Female,69.188.118.248,+63-545-546-7379
890,Ortensia,Allsup,oallsupop@jugem.jp,Female,27.98.184.103,+63-319-831-6837
891,Kori,Aronstein,karonsteinoq@time.com,Female,182.3.176.246,+382-578-987-8905
892,Lynett,Adamec,ladamecor@reuters.com,Female,71.19.144.188,+963-806-396-1762
893,Melisent,Chillingworth,mchillingworthos@networkadvertising.org,Female,137.213.156.148,+381-885-298-2103
894,Marcille,Sallarie,msallarieot@forbes.com,Female,53.162.126.182,+504-863-190-6780
895,Ruthanne,Bloxam,rbloxamou@blogtalkradio.com,Female,143.214.56.17,+359-554-260-6610
896,Carly,Longcaster,clongcasterov@goo.gl,Female,228.135.107.238,+63-799-450-0104
897,Tootsie,Roistone,troistoneow@omniture.com,Female,40.234.90.1,+351-478-105-7457
898,Klemens,Di Pietro,kdipietroox@gizmodo.com,Male,70.5.231.51,+351-847-703-1523
899,Harmonia,Salter,hsalteroy@flavors.me,Female,53.24.218.12,+62-914-735-2457
900,Clare,Pearcehouse,cpearcehouseoz@oakley.com,Female,231.90.230.112,+62-509-587-0661
901,Hubey,Bellam,hbellamp0@illinois.edu,Male,209.126.229.150,+63-534-874-6929
902,Sybilla,Swinley,sswinleyp1@irs.gov,Female,249.100.14.128,+375-237-636-1894
903,Ned,O'Currine,nocurrinep2@gmpg.org,Male,180.131.225.40,+55-807-998-6423
904,Fabe,Stammirs,fstammirsp3@webmd.com,Male,89.142.210.48,+380-420-129-1679
905,Adriaens,Itzcovich,aitzcovichp4@patch.com,Female,198.65.44.79,+358-524-591-7178
906,Myra,Labern,mlabernp5@go.com,Female,214.5.41.212,+55-159-890-1685
907,Jennine,Sapey,jsapeyp6@army.mil,Female,157.52.53.120,+63-882-199-9939
908,Meryl,McGing,mmcgingp7@state.tx.us,Female,112.156.221.63,+62-723-941-7282
909,Jocelyne,Alexandersen,jalexandersenp8@ca.gov,Female,31.245.163.82,+46-447-710-3619
910,Marie,Pennone,mpennonep9@uol.com.br,Female,182.250.120.73,+212-167-585-8392
911,Ambrosi,McTerlagh,amcterlaghpa@dailymail.co.uk,Male,200.114.241.204,+51-824-987-6505
912,Aveline,Finan,afinanpb@nasa.gov,Female,80.245.169.172,+62-398-988-8180
913,Jermain,Greeno,jgreenopc@msn.com,Male,242.22.116.245,+86-920-982-6755
914,Cris,Bailes,cbailespd@msu.edu,Male,1.12.222.161,+98-867-276-1170
915,Christyna,Lansberry,clansberrype@netscape.com,Female,158.154.60.165,+56-229-383-8577
916,Yorke,Gauthorpp,ygauthorpppf@newsvine.com,Male,167.214.11.18,+1-206-987-6728
917,Auria,Tillyer,atillyerpg@tinyurl.com,Female,247.146.59.157,+33-102-970-9609
918,Bertie,Plaskitt,bplaskittph@oracle.com,Female,92.200.96.219,+86-855-460-3116
919,Deane,Blackborow,dblackborowpi@usnews.com,Male,0.74.166.241,+7-987-888-8410
920,Stanly,Combes,scombespj@geocities.jp,Male,104.92.230.45,+351-523-976-9590
921,Bartholomew,Loyndon,bloyndonpk@mashable.com,Male,18.203.1.94,+998-750-943-7110
922,Moore,McNeill,mmcneillpl@redcross.org,Male,1.97.210.198,+380-380-735-9184
923,Audre,Greensite,agreensitepm@wikia.com,Female,177.181.35.120,+7-233-218-4041
924,Valerye,Kidney,vkidneypn@miibeian.gov.cn,Female,155.47.60.148,+48-453-141-6916
925,Antonius,Symers,asymerspo@nydailynews.com,Male,0.200.239.238,+7-380-515-1256
926,Sianna,Lazell,slazellpp@biglobe.ne.jp,Female,137.6.64.132,+33-457-834-7464
927,Larine,Esslemont,lesslemontpq@acquirethisname.com,Female,8.234.7.69,+220-645-421-9081
928,Corbet,Guillain,cguillainpr@networkadvertising.org,Male,146.18.191.65,+7-315-747-1829
929,Ruby,Windsor,rwindsorps@wufoo.com,Male,202.203.203.122,+63-196-437-8338
930,Frank,Lamblot,flamblotpt@dmoz.org,Female,121.191.106.43,+374-800-700-6608
931,Johnathon,Risdall,jrisdallpu@foxnews.com,Male,164.129.194.163,+62-157-126-7102
932,Keven,Imesen,kimesenpv@vkontakte.ru,Male,183.113.197.105,+260-208-615-2243
933,Raimund,Blewett,rblewettpw@bloglines.com,Male,229.53.113.238,+992-158-567-7291
934,Hestia,Mavin,hmavinpx@histats.com,Female,244.169.74.17,+54-695-188-1550
935,Wade,Harbisher,wharbisherpy@ibm.com,Male,130.124.17.130,+62-860-290-3602
936,Austen,Swalough,aswaloughpz@ezinearticles.com,Male,245.223.37.13,+86-958-814-3299
937,Melissa,Briston,mbristonq0@phoca.cz,Female,251.23.215.132,+86-513-517-7986
938,Cathie,Dumbrall,cdumbrallq1@nsw.gov.au,Female,199.144.175.123,+63-884-469-6186
939,Don,Edling,dedlingq2@weebly.com,Male,130.95.239.253,+374-799-280-8908
940,Demetris,Keenlayside,dkeenlaysideq3@tinypic.com,Female,92.250.238.237,+254-622-895-3602
941,Jozef,enzley,jenzleyq4@china.com.cn,Male,67.183.234.150,+55-557-236-2389
942,Hyacinth,Abriani,habrianiq5@google.de,Female,95.175.139.136,+46-602-919-2585
943,Ginelle,Orchart,gorchartq6@xinhuanet.com,Female,251.253.102.196,+355-239-217-3436
944,Hettie,Breyt,hbreytq7@npr.org,Female,195.180.107.70,+48-158-564-3149
945,Hinze,Heinecke,hheineckeq8@china.com.cn,Male,139.148.191.138,+62-941-362-1576
946,Gilburt,McEvay,gmcevayq9@auda.org.au,Male,225.34.172.88,+46-512-317-6000
947,Glenna,Pimblett,gpimblettqa@posterous.com,Female,114.232.87.28,+63-904-392-8808
948,Caro,Paterson,cpatersonqb@dropbox.com,Female,51.193.64.14,+92-889-880-5487
949,Tanitansy,Bowden,tbowdenqc@pinterest.com,Female,69.6.210.26,+86-157-531-3712
950,Nat,Greenly,ngreenlyqd@jigsy.com,Male,107.198.41.73,+7-940-108-9995
951,Claybourne,VanBrugh,cvanbrughqe@list-manage.com,Male,103.193.57.220,+86-646-487-8882
952,Ad,Maving,amavingqf@wordpress.com,Male,65.110.18.145,+55-266-293-6918
953,Terza,Klaaasen,tklaaasenqg@issuu.com,Female,231.229.88.28,+86-106-151-6125
954,Jasun,Ghirardi,jghirardiqh@pbs.org,Male,37.216.52.28,+1-675-544-7008
955,Hayes,Cawthra,hcawthraqi@networkadvertising.org,Male,73.131.34.87,+62-493-479-2044
956,Hendrika,Kornes,hkornesqj@i2i.jp,Female,156.254.56.63,+27-797-657-5824
957,Barry,Hauxley,bhauxleyqk@fastcompany.com,Female,118.153.70.51,+63-313-254-5450
958,Rasla,McLellan,rmclellanql@telegraph.co.uk,Female,224.88.78.198,+967-201-271-7960
959,Babbie,Crichmere,bcrichmereqm@wikimedia.org,Female,196.136.107.41,+58-754-649-6787
960,Augy,Peaden,apeadenqn@wufoo.com,Male,221.87.91.89,+31-147-910-5774
961,Fredric,Ellins,fellinsqo@patch.com,Male,239.5.226.8,+850-451-410-2839
962,Bendick,Bolino,bbolinoqp@nsw.gov.au,Male,222.33.119.214,+46-774-112-6535
963,Wood,Truitt,wtruittqq@cnet.com,Male,128.118.200.15,+7-381-949-9084
964,Kevon,Athridge,kathridgeqr@hao123.com,Male,169.38.170.61,+86-614-526-9058
965,Witty,Giorgetti,wgiorgettiqs@businessweek.com,Male,188.143.24.72,+81-971-716-2206
966,Reinaldos,Dinsell,rdinsellqt@github.com,Male,188.144.174.35,+63-647-387-6668
967,Pavel,Becken,pbeckenqu@forbes.com,Male,100.50.192.52,+48-545-401-4332
968,Demeter,Andrus,dandrusqv@ted.com,Female,74.40.255.127,+62-128-423-9137
969,Alameda,Elfitt,aelfittqw@walmart.com,Female,183.222.228.177,+355-830-588-3434
970,Andreana,Beake,abeakeqx@usatoday.com,Female,28.141.194.21,+1-770-313-8056
971,Gwen,Scriver,gscriverqy@sciencedirect.com,Female,168.177.72.19,+86-634-221-4365
972,Johnny,Livens,jlivensqz@latimes.com,Male,44.25.37.10,+256-993-266-4396
973,Cathi,Ladel,cladelr0@yolasite.com,Female,148.14.95.73,+94-115-125-0047
974,Ronald,Stallworth,rstallworthr1@washingtonpost.com,Male,190.245.241.254,+1-314-243-1663
975,Bree,Gilyott,bgilyottr2@yahoo.co.jp,Female,90.76.49.25,+963-381-537-2016
976,Emmit,Rosbottom,erosbottomr3@dailymail.co.uk,Male,113.120.146.249,+1-419-141-9487
977,Inez,Liebmann,iliebmannr4@tripod.com,Female,30.211.213.82,+7-296-595-5216
978,Eldridge,Leyland,eleylandr5@sphinn.com,Male,202.135.234.159,+62-116-956-1467
979,Pat,Martt,pmarttr6@nifty.com,Female,176.220.69.158,+234-379-206-3614
980,Courtney,McErlaine,cmcerlainer7@ihg.com,Female,252.253.53.66,+596-722-218-6880
981,Carolina,Haugg,chauggr8@gmpg.org,Female,245.82.139.81,+46-714-123-8850
982,Bessie,Belf,bbelfr9@google.ca,Female,24.112.62.103,+351-921-221-4598
983,Robinet,Allsobrook,rallsobrookra@yelp.com,Male,32.237.249.77,+62-810-839-9471
984,Geordie,Colcutt,gcolcuttrb@wisc.edu,Male,16.38.252.57,+62-915-434-1578
985,Claiborn,Venard,cvenardrc@google.co.jp,Male,247.150.231.182,+86-472-413-0470
986,Bellanca,Bellwood,bbellwoodrd@flavors.me,Female,9.8.4.167,+234-482-805-1629
987,Richard,Danielut,rdanielutre@baidu.com,Male,93.140.162.255,+355-123-264-2542
988,Tedd,Merrigan,tmerriganrf@yolasite.com,Male,183.2.245.190,+81-740-206-3126
989,Dixie,Jent,djentrg@nationalgeographic.com,Female,66.249.133.77,+269-999-262-7411
990,Kellsie,Mancer,kmancerrh@google.co.jp,Female,154.138.115.253,+86-316-579-6865
991,Stephannie,Freschi,sfreschiri@canalblog.com,Female,232.97.161.60,+381-780-563-1958
992,Evelina,Whiskin,ewhiskinrj@mac.com,Female,135.191.67.153,+359-740-894-9552
993,Leeland,Vasnetsov,lvasnetsovrk@facebook.com,Male,185.77.184.199,+86-647-915-6873
994,Jemmie,Bloxsum,jbloxsumrl@google.com.hk,Female,107.104.176.223,+7-801-149-7058
995,Carine,Saltrese,csaltreserm@wikia.com,Female,247.11.108.239,+375-977-172-4234
996,Abba,Sodory,asodoryrn@marketwatch.com,Male,18.143.58.145,+62-411-562-9644
997,Christa,Keener,ckeenerro@yelp.com,Female,74.73.187.213,+48-416-721-0127
998,Maggie,Ysson,myssonrp@blinklist.com,Female,228.174.94.28,+44-469-107-6831
999,Hettie,Ivens,hivensrq@cargocollective.com,Female,213.7.183.206,+86-131-175-1947
1000,Murray,Chown,mchownrr@geocities.com,Male,24.253.180.248,+54-862-770-9857
